rate_math,rate_science,rate_english,rate_humanities,rate_art,tot_time,device,gender,age,resub_yn,comb_yn,othersub_yn,leave_yn
0.375,0.797,0.828,0.896,0.394,17.09,mobile,M,30,N,N,Y,1
0.951,0.482,0.765,0.909,0.473,28.57,tablet,F,25,N,Y,N,1
0.732,0.117,0.574,0.314,0.855,40.97,tablet,F,24,N,N,N,0
0.599,0.125,0.956,0.691,0.34,8.09,mobile,M,14,Y,N,N,1
0.156,0.686,0.2,0.272,0.87,45.34,tablet,F,15,Y,N,N,0
0.156,,0.109,0.191,0.088,41.22,tablet,F,47,Y,Y,N,0
0.058,,0.854,0.185,0.777,25.4,mobile,F,12,N,N,Y,0
0.866,0.492,0.439,0.342,0.848,35.43,tablet,M,57,N,N,Y,0
0.601,0.064,0.847,0.43,0.182,30.03,pc,F,21,N,N,Y,0
0.708,0.582,0.893,0.831,0.43,42.3,tablet,M,45,N,N,Y,0
0.021,,0.062,0.12,0.165,39.83,mobile,F,42,N,N,N,0
0.97,0.798,0.883,0.735,0.707,16.0,pc,M,45,N,Y,Y,0
0.832,0.31,0.448,0.531,0.535,35.87,pc,M,42,Y,Y,N,0
0.212,0.455,0.51,0.288,0.635,27.94,tablet,M,40,Y,N,N,0
0.182,0.012,0.627,0.493,0.196,30.83,pc,F,30,N,N,Y,0
0.183,0.072,0.926,0.3,0.212,22.72,mobile,M,36,N,Y,Y,0
0.304,0.392,0.019,0.596,0.041,47.48,pc,F,36,N,N,Y,1
0.525,0.48,0.477,0.434,0.322,40.4,tablet,M,17,N,N,Y,0
0.432,0.6,0.688,0.164,0.56,22.6,tablet,F,46,N,N,N,0
0.291,,0.723,0.117,0.858,16.65,pc,M,41,Y,Y,Y,1
0.612,0.695,0.693,0.547,0.667,26.14,mobile,F,35,Y,Y,N,0
0.139,,0.134,0.902,0.435,34.35,mobile,M,11,N,N,N,1
0.292,0.78,0.299,0.344,0.953,32.4,tablet,M,21,N,N,N,0
0.366,0.04,0.359,0.733,0.719,42.53,tablet,M,31,Y,N,N,0
0.456,0.481,0.804,0.659,0.93,37.9,mobile,F,26,Y,N,Y,0
0.785,0.105,0.279,0.932,0.528,,pc,M,16,Y,N,Y,0
0.2,0.242,0.211,0.821,0.259,33.27,pc,M,52,N,N,Y,0
0.514,0.987,0.957,0.567,0.053,,pc,M,13,N,N,Y,1
0.592,0.142,0.009,0.657,0.726,28.04,pc,M,46,Y,N,N,1
0.046,0.499,0.998,0.898,0.121,40.6,mobile,F,47,Y,N,N,0
0.608,0.618,0.677,0.4,0.303,29.48,tablet,M,41,Y,N,Y,1
0.171,0.702,0.828,0.327,0.532,,tablet,M,20,N,N,Y,0
0.065,0.56,0.295,0.011,0.564,26.81,pc,F,10,Y,N,Y,0
0.949,0.01,0.014,0.827,0.601,19.7,mobile,F,34,N,N,N,0
0.966,0.326,0.738,0.801,0.166,28.77,mobile,F,51,Y,N,N,1
0.808,0.518,0.834,0.104,0.38,33.09,pc,M,33,Y,N,N,0
0.305,0.088,0.74,0.577,0.617,23.44,pc,F,52,N,N,N,0
0.098,0.351,0.143,0.464,0.97,27.64,pc,F,26,N,N,Y,1
0.684,0.033,0.753,0.119,0.728,20.61,tablet,F,17,Y,N,Y,0
0.44,0.079,0.769,0.981,0.923,41.19,pc,M,54,N,N,Y,0
0.122,0.397,0.659,0.215,0.762,27.06,tablet,M,36,N,N,Y,0
0.495,0.133,0.766,0.067,0.592,44.53,mobile,M,27,N,N,N,0
0.034,0.568,0.846,0.595,0.192,45.29,mobile,F,36,N,N,N,0
0.909,0.689,0.614,0.739,0.667,29.19,tablet,M,31,N,Y,N,1
0.259,0.801,0.089,0.032,0.623,19.92,tablet,F,25,N,N,Y,0
0.663,0.2,0.488,0.659,0.602,9.14,tablet,F,11,Y,N,Y,0
0.312,0.167,0.078,0.532,0.49,15.28,tablet,F,14,N,N,Y,0
0.52,0.105,0.408,0.103,0.529,16.26,pc,M,27,N,N,N,0
0.547,0.636,0.407,0.173,0.334,43.78,mobile,F,12,Y,N,N,0
0.185,0.706,0.066,0.568,0.519,31.16,pc,F,36,Y,N,Y,1
0.97,0.032,0.349,0.296,0.198,33.9,tablet,M,26,Y,Y,N,0
0.775,0.936,0.111,0.938,0.805,7.8,pc,F,25,N,N,N,0
0.939,,0.808,0.819,0.186,18.02,pc,F,15,N,N,Y,0
0.895,0.541,0.948,0.984,0.085,38.87,mobile,F,16,N,N,N,0
0.598,0.709,0.072,0.26,0.436,32.87,pc,M,59,Y,Y,Y,1
0.922,0.871,0.955,0.97,0.658,28.53,mobile,F,23,N,Y,N,1
0.088,0.714,0.523,0.431,0.438,35.65,tablet,M,47,N,N,N,0
0.196,0.802,0.3,0.348,0.277,46.36,pc,M,49,N,N,N,1
0.045,0.339,0.077,0.05,0.558,27.79,tablet,F,24,N,N,Y,0
0.325,0.815,0.501,0.053,0.347,30.69,mobile,F,56,N,N,Y,0
0.389,0.08,0.795,0.692,0.933,31.93,tablet,F,56,N,N,Y,0
0.271,0.895,0.707,0.458,0.923,53.92,tablet,F,57,N,N,Y,0
0.829,0.548,0.05,0.227,0.502,9.01,mobile,M,42,N,N,N,1
,0.817,0.073,0.614,0.328,,tablet,M,52,N,N,N,0
0.281,0.452,0.403,0.253,0.737,28.85,tablet,F,36,N,Y,Y,0
0.543,0.644,0.295,0.578,0.037,35.67,tablet,M,38,Y,N,Y,1
0.141,0.526,0.232,0.359,0.475,23.43,pc,F,46,Y,N,Y,0
0.802,0.732,0.281,0.824,0.336,29.51,tablet,F,14,Y,N,Y,1
0.075,0.082,0.803,0.821,0.921,37.11,mobile,F,38,N,N,Y,0
0.987,0.06,0.929,0.477,0.012,61.13,pc,F,41,N,N,Y,0
0.772,0.247,0.405,0.351,0.553,38.08,pc,M,15,Y,Y,N,1
0.199,0.16,0.906,0.363,0.741,21.52,mobile,M,11,Y,N,Y,0
0.006,0.872,0.321,0.806,0.485,25.76,tablet,F,15,N,N,N,1
0.815,0.219,0.476,0.328,0.085,25.47,pc,F,55,N,N,N,0
0.707,0.976,0.226,0.209,0.972,12.04,pc,M,52,N,Y,Y,1
0.729,0.337,0.64,0.085,0.518,,pc,M,13,N,N,N,0
,0.182,0.979,0.467,0.614,37.33,tablet,M,38,N,Y,N,0
0.074,0.79,0.603,0.482,0.237,17.26,pc,F,34,N,Y,N,1
0.358,0.659,0.358,0.841,0.483,40.48,mobile,M,18,N,N,Y,0
0.116,0.498,0.648,0.221,0.429,34.88,tablet,F,12,Y,N,Y,1
0.863,0.555,0.123,0.381,0.075,22.66,mobile,F,35,N,N,N,1
0.623,0.719,0.889,0.808,0.106,28.58,mobile,M,57,N,N,N,1
0.331,0.228,0.503,0.824,0.837,45.98,pc,F,52,N,N,Y,1
0.064,0.996,0.449,0.385,0.24,37.34,pc,M,36,N,N,Y,0
0.311,0.975,0.586,0.459,0.195,30.09,pc,F,45,N,N,Y,0
0.325,0.65,0.625,0.303,0.505,,mobile,F,41,Y,N,Y,0
0.73,0.2,0.072,0.933,0.769,30.77,tablet,F,10,N,N,N,0
0.638,0.68,0.683,0.119,0.062,24.88,pc,F,25,Y,N,Y,0
0.887,0.072,0.242,0.934,0.577,8.95,pc,F,57,Y,N,Y,0
0.472,0.031,0.714,0.684,0.119,50.42,mobile,F,20,Y,N,N,0
0.12,0.258,0.823,0.532,0.036,31.55,tablet,M,35,N,Y,Y,0
0.713,0.463,0.804,0.033,0.053,33.98,mobile,M,49,N,N,N,0
0.761,0.868,0.553,0.476,0.834,29.42,pc,F,10,N,Y,N,1
0.561,0.727,0.52,0.408,0.118,22.65,mobile,M,35,N,N,Y,0
0.771,0.743,0.143,0.161,0.045,28.14,pc,F,37,N,Y,N,0
0.494,0.425,0.775,0.656,0.438,14.01,tablet,M,18,N,N,N,1
0.523,0.346,0.271,0.971,0.844,52.77,mobile,M,53,N,N,Y,0
0.428,0.371,0.497,0.562,0.262,17.65,pc,F,31,N,N,Y,1
,0.988,0.284,0.715,0.422,19.68,pc,M,17,N,N,N,0
0.108,0.04,0.134,0.068,0.04,25.6,pc,F,58,N,N,N,0
0.031,0.867,0.63,0.418,0.449,42.88,pc,M,51,N,N,N,0
0.636,0.579,0.054,0.116,0.578,30.15,mobile,F,36,N,N,Y,1
0.314,0.439,0.749,0.613,0.571,17.64,pc,M,48,Y,N,N,0
0.509,0.725,0.318,0.938,0.332,42.54,mobile,F,28,Y,N,Y,1
0.908,0.487,0.0,0.662,0.316,37.31,pc,M,34,N,N,N,0
0.249,0.873,0.511,0.077,0.107,,mobile,F,47,N,N,N,0
0.41,0.901,0.047,0.355,0.367,37.16,mobile,M,30,Y,N,N,0
0.756,0.422,0.276,0.551,0.099,53.94,pc,F,33,N,N,N,0
0.229,0.277,0.707,0.403,0.767,51.85,pc,M,33,Y,N,N,0
0.077,0.592,0.063,0.834,0.966,23.13,pc,F,28,N,N,N,1
0.29,0.912,0.839,0.815,0.97,46.24,pc,M,59,N,N,Y,0
0.161,0.211,0.004,0.612,0.865,33.83,tablet,F,56,N,N,N,0
0.93,0.623,0.247,0.373,0.601,,pc,F,11,Y,Y,N,0
0.808,0.632,0.741,0.255,0.701,13.08,pc,F,23,Y,N,Y,1
0.633,0.733,0.316,0.106,0.285,28.3,pc,F,41,N,Y,Y,1
0.871,0.132,0.102,0.355,0.631,21.87,mobile,M,51,Y,N,Y,1
0.804,0.716,0.36,0.413,0.456,38.28,pc,M,41,N,Y,N,1
0.187,0.909,0.27,0.676,0.482,40.71,mobile,M,37,N,N,N,1
0.893,0.18,0.843,0.658,0.758,9.26,mobile,F,57,Y,N,Y,1
0.539,0.238,0.313,0.07,0.282,29.78,mobile,F,48,Y,Y,N,1
,0.971,0.789,0.395,0.318,41.22,mobile,F,49,N,N,Y,0
0.896,0.181,0.892,0.182,0.925,28.13,tablet,F,51,Y,N,N,0
0.318,0.854,0.434,0.157,0.056,37.29,pc,F,56,Y,N,Y,0
0.11,0.492,0.91,0.827,0.486,33.51,mobile,M,49,N,N,Y,0
0.228,0.247,0.377,0.042,0.913,,pc,M,22,N,N,Y,0
0.427,0.871,0.964,0.419,0.61,27.29,mobile,M,21,N,Y,Y,0
0.818,0.445,0.089,0.168,0.546,17.83,tablet,F,17,Y,N,N,1
0.861,,0.687,0.879,0.25,18.78,mobile,F,24,N,N,N,0
0.007,0.359,0.494,0.557,0.343,37.09,pc,F,35,N,N,Y,1
0.511,0.593,0.388,0.231,0.852,30.19,pc,F,21,N,Y,Y,1
0.417,0.164,0.633,0.502,0.559,28.61,tablet,F,52,N,Y,Y,1
0.222,0.391,0.704,0.731,0.515,25.76,pc,F,55,N,N,N,1
0.12,0.969,0.004,0.958,0.1,26.95,pc,F,36,N,N,N,1
0.338,0.258,0.167,0.22,0.016,40.47,mobile,M,27,Y,N,Y,0
0.943,0.657,0.713,0.886,0.964,26.65,pc,M,54,N,Y,N,0
0.323,0.325,0.666,0.934,0.377,16.59,mobile,F,45,N,N,Y,0
0.519,0.773,0.966,0.916,0.603,37.44,tablet,F,58,N,N,N,1
0.703,0.131,0.761,0.635,0.08,27.95,pc,F,36,Y,N,N,1
0.364,0.97,0.951,0.63,0.683,30.31,mobile,M,18,Y,N,N,1
0.972,,0.703,0.403,0.933,46.08,pc,M,48,N,Y,N,0
0.962,0.236,0.298,0.752,0.576,29.79,mobile,F,10,N,N,N,0
0.252,0.073,0.105,0.531,0.126,32.89,tablet,M,16,N,N,N,0
0.497,0.17,0.782,0.677,0.582,18.21,mobile,M,35,Y,N,N,0
0.301,0.52,0.644,0.428,0.766,27.8,pc,M,16,Y,N,Y,0
0.285,0.337,0.048,0.731,0.406,36.1,mobile,F,16,N,N,Y,0
0.037,0.829,0.36,0.824,0.88,14.45,pc,M,17,N,N,Y,1
0.61,0.431,0.957,0.146,0.649,32.01,tablet,M,25,N,N,N,0
0.503,0.249,0.5,0.833,0.899,31.01,mobile,F,12,N,N,Y,0
0.051,0.617,0.433,0.54,0.624,30.41,pc,F,54,N,Y,Y,1
0.279,0.707,0.458,0.845,0.131,40.37,pc,M,19,N,N,Y,0
0.908,0.167,0.209,0.431,0.31,33.34,pc,F,59,N,N,Y,0
0.24,0.168,0.369,0.379,0.202,44.78,mobile,M,16,N,N,N,0
0.145,0.037,0.37,0.915,0.909,20.06,mobile,M,30,N,N,N,0
0.489,0.736,0.052,0.251,0.76,31.36,mobile,F,46,Y,N,N,0
0.986,0.664,0.768,0.844,0.676,30.84,tablet,F,40,N,N,N,0
0.242,0.475,0.417,0.484,0.301,19.31,pc,M,32,Y,N,N,0
0.672,0.844,0.822,0.514,0.184,,pc,F,36,N,N,Y,0
0.762,,0.85,0.308,0.756,53.25,tablet,F,31,N,N,Y,0
0.238,0.585,0.212,0.573,0.474,29.83,tablet,M,48,Y,N,N,1
0.728,0.868,0.657,0.325,0.226,35.05,mobile,M,36,N,N,Y,0
0.368,0.206,0.472,0.039,0.617,30.85,mobile,M,58,Y,Y,Y,1
0.632,0.112,0.88,0.272,0.04,22.86,mobile,M,13,N,N,N,0
0.634,0.27,0.216,0.006,0.326,11.79,mobile,M,33,N,N,Y,0
0.536,0.057,0.678,0.978,0.469,22.94,mobile,M,32,Y,N,Y,1
,0.531,0.608,0.966,0.148,16.08,mobile,F,57,N,N,Y,0
0.835,0.937,0.295,0.395,0.985,47.04,tablet,F,28,Y,N,Y,0
0.321,0.039,0.137,0.728,0.209,,tablet,M,51,Y,N,Y,0
0.187,,0.652,0.346,0.13,26.54,tablet,F,12,N,N,Y,0
0.041,0.452,0.739,0.671,0.204,38.89,pc,F,36,N,N,N,1
0.591,0.934,0.316,0.805,0.769,18.78,pc,M,12,Y,N,N,1
0.678,0.316,0.645,0.947,0.426,22.33,mobile,F,37,N,N,Y,0
,0.507,0.395,0.4,0.565,,tablet,F,26,N,Y,N,0
0.512,0.042,0.713,0.783,0.021,40.29,pc,M,40,N,N,Y,0
0.226,0.148,0.199,0.266,0.034,35.02,pc,F,19,Y,N,Y,1
0.645,0.987,0.89,0.99,0.446,32.48,tablet,F,58,N,Y,Y,1
0.174,0.965,0.287,0.026,0.817,30.78,pc,M,31,N,N,N,1
0.691,0.005,0.368,0.604,0.885,34.0,pc,F,39,N,N,Y,0
,0.952,0.058,0.66,0.087,32.02,tablet,F,58,N,N,N,1
0.937,0.639,0.112,0.688,0.538,19.7,pc,F,30,N,N,N,0
0.138,0.868,0.516,0.12,0.913,30.46,tablet,M,45,Y,N,N,0
0.341,,0.268,0.939,0.388,19.26,pc,M,32,N,N,N,1
0.113,0.516,0.835,0.181,0.83,30.81,tablet,F,47,N,Y,N,0
0.925,0.489,0.015,0.623,0.134,25.19,pc,F,21,N,N,Y,1
0.877,0.667,0.379,0.223,0.935,55.39,pc,M,34,N,N,Y,0
0.258,0.14,0.337,0.307,0.751,29.6,tablet,M,29,N,N,N,1
0.66,0.03,0.019,0.546,0.941,15.96,pc,F,58,N,Y,N,0
0.817,0.308,0.124,0.417,0.677,28.66,tablet,M,58,N,N,Y,0
0.555,0.705,0.414,0.16,0.363,35.19,tablet,F,51,Y,Y,Y,0
0.53,0.202,0.493,0.171,0.938,46.73,pc,F,16,N,N,Y,0
0.242,,0.404,0.418,0.276,24.11,mobile,M,38,N,N,Y,0
0.093,0.97,0.531,0.757,0.332,14.18,pc,M,57,N,Y,Y,0
,0.094,0.595,0.898,0.701,38.17,mobile,F,38,N,N,N,0
0.9,0.673,0.01,0.084,0.765,16.19,mobile,F,22,N,N,N,0
0.633,0.444,0.464,0.393,0.929,25.64,pc,M,12,N,N,Y,0
0.339,0.868,0.963,0.1,0.205,27.42,mobile,F,11,N,N,N,0
,0.177,0.519,0.017,0.798,29.3,tablet,M,25,N,Y,N,1
0.726,0.693,0.678,0.662,0.739,36.89,tablet,M,39,N,N,Y,1
0.897,0.838,0.312,0.602,0.064,23.16,mobile,M,47,N,Y,Y,0
0.887,0.945,0.774,0.163,0.387,27.26,tablet,M,15,Y,N,N,0
0.78,0.683,0.773,0.234,0.283,29.86,pc,M,54,Y,N,N,1
0.642,0.497,0.521,0.024,0.304,,tablet,F,16,N,N,Y,0
0.084,0.618,0.976,0.835,0.983,30.98,mobile,M,14,Y,N,N,0
0.162,0.869,0.126,0.975,0.643,34.36,pc,M,16,N,N,Y,0
,0.571,0.017,0.135,0.718,38.44,tablet,M,43,Y,N,Y,0
0.606,0.03,0.77,0.231,0.977,33.93,pc,M,41,N,N,Y,0
0.009,0.931,0.807,0.868,0.377,34.54,mobile,M,58,Y,Y,Y,0
0.101,0.69,0.12,0.926,0.802,14.18,tablet,M,22,N,N,N,0
0.664,0.677,0.266,0.42,0.435,30.5,pc,M,39,N,N,N,0
0.005,0.216,0.018,0.051,0.87,34.8,pc,F,34,N,N,Y,0
0.161,0.659,0.293,0.039,0.181,37.29,tablet,F,30,N,N,N,0
0.549,0.394,0.773,0.574,0.948,23.08,pc,F,30,N,N,N,0
0.692,,0.518,0.393,0.219,23.41,pc,F,37,N,N,Y,0
0.652,0.107,0.348,0.029,0.326,24.26,mobile,M,57,Y,N,N,1
0.224,0.658,0.372,0.583,0.756,35.36,mobile,F,29,N,N,Y,0
,0.999,0.001,0.011,0.394,40.34,mobile,M,43,N,Y,N,0
0.237,0.048,0.3,0.787,0.608,25.93,mobile,F,14,N,N,Y,0
0.325,0.977,0.646,0.306,0.445,39.08,mobile,F,27,Y,N,N,0
,0.407,0.974,0.04,0.742,31.23,mobile,M,48,N,N,Y,0
0.65,0.871,0.847,0.588,0.228,28.76,tablet,M,52,Y,N,N,0
0.849,0.782,0.024,0.398,0.058,27.89,mobile,F,20,N,N,N,1
0.658,0.567,0.899,0.974,0.3,37.47,pc,F,26,N,N,Y,0
0.568,0.738,0.783,0.544,0.474,33.26,tablet,F,57,Y,N,Y,1
0.094,0.879,0.78,0.275,0.168,52.76,pc,F,54,N,Y,Y,0
0.368,0.404,0.458,0.709,0.355,21.48,mobile,M,31,N,N,N,1
0.265,0.327,0.398,0.271,0.4,35.18,mobile,F,46,N,N,Y,1
0.244,0.668,0.303,0.904,0.057,,pc,F,29,Y,N,N,1
0.973,0.808,0.066,0.375,0.583,21.31,pc,F,57,N,N,Y,0
0.393,0.762,0.228,0.55,0.884,29.89,pc,F,57,Y,N,Y,0
,0.798,0.247,0.051,0.152,,tablet,F,57,N,N,Y,1
0.631,0.436,0.484,0.426,0.598,59.18,mobile,M,55,N,N,Y,1
0.795,0.818,0.747,0.832,0.665,28.16,pc,M,15,N,Y,N,1
0.503,,0.474,0.806,0.419,18.7,mobile,M,43,Y,N,N,0
0.577,0.544,0.058,0.224,0.701,32.73,pc,M,23,N,Y,Y,1
0.493,0.006,0.958,0.226,0.411,9.25,mobile,M,57,Y,N,N,0
0.195,0.325,0.943,0.817,0.505,29.08,tablet,F,32,N,N,Y,0
0.722,0.366,0.785,0.93,0.007,30.16,mobile,M,29,Y,N,N,0
0.281,0.396,0.991,0.095,0.692,37.95,pc,M,22,N,Y,Y,0
0.024,0.695,0.544,0.45,0.661,,mobile,F,56,Y,N,N,1
0.645,0.389,0.963,0.337,0.038,24.96,tablet,M,53,Y,N,N,0
0.177,0.449,0.076,0.871,0.368,28.49,tablet,M,50,Y,Y,Y,0
0.94,0.238,0.366,0.084,0.979,22.34,mobile,M,41,N,N,N,0
,0.373,0.225,0.211,0.421,18.72,pc,M,35,Y,N,Y,0
,0.227,0.196,0.752,0.502,33.1,tablet,F,59,N,N,Y,0
0.37,0.073,0.141,0.051,0.91,17.26,tablet,F,23,N,N,Y,0
,0.603,0.622,0.493,0.717,25.85,mobile,M,45,N,Y,Y,0
0.928,0.668,0.781,0.442,0.582,20.05,tablet,F,17,N,N,Y,1
0.428,0.619,0.578,0.334,0.798,35.5,tablet,M,49,Y,N,Y,1
0.967,0.463,0.147,0.395,0.864,48.01,pc,F,31,N,N,Y,0
0.964,0.38,0.811,0.53,0.457,16.98,pc,F,31,Y,N,Y,0
0.853,0.863,0.636,0.161,0.475,11.47,pc,F,25,N,N,N,0
0.294,0.519,0.388,0.572,0.386,28.75,mobile,F,36,Y,N,N,1
0.385,0.479,0.674,0.805,0.967,30.16,tablet,F,19,N,Y,Y,0
0.851,0.026,0.26,0.76,0.697,32.19,mobile,F,34,N,N,Y,0
0.317,0.341,0.345,0.154,0.083,25.54,tablet,F,40,N,N,Y,0
0.169,0.38,0.917,0.149,0.863,27.99,tablet,F,30,Y,N,N,1
0.557,0.399,0.291,0.268,0.481,33.68,tablet,F,36,N,N,N,0
0.936,0.58,0.47,0.361,0.069,40.4,pc,F,26,Y,N,Y,0
0.696,0.534,0.89,0.408,0.55,10.45,mobile,F,42,N,N,Y,1
0.57,0.608,0.708,0.68,0.417,26.31,mobile,M,40,N,N,Y,0
0.097,0.765,0.062,0.057,0.878,,tablet,F,59,N,N,Y,1
0.615,0.813,0.147,0.035,0.204,20.82,mobile,M,51,N,N,N,0
0.99,0.718,0.008,0.392,0.826,47.31,pc,F,35,N,Y,N,1
0.14,0.956,0.631,0.697,0.558,23.65,mobile,M,30,N,N,Y,0
0.518,0.018,0.448,0.193,0.055,,tablet,M,45,N,N,N,1
0.877,0.196,0.134,0.642,0.972,35.56,pc,M,10,N,N,Y,0
0.741,0.008,0.958,0.26,0.513,24.09,pc,F,13,N,N,Y,1
0.697,0.647,0.53,0.886,0.291,11.53,tablet,F,13,Y,N,N,0
0.702,0.898,0.242,0.896,0.469,25.71,mobile,F,35,N,N,N,0
0.359,0.243,0.501,0.297,0.858,40.29,tablet,F,13,N,N,Y,1
0.294,0.927,0.68,0.23,0.305,26.63,mobile,M,58,Y,N,Y,0
0.809,0.06,0.076,0.411,0.193,21.54,mobile,F,18,N,N,N,0
,0.934,0.275,0.241,0.129,39.26,pc,F,39,N,Y,N,0
0.867,0.352,0.807,0.672,0.298,26.69,tablet,F,54,Y,Y,Y,1
0.913,0.101,0.46,0.826,0.78,24.9,pc,F,13,N,N,Y,0
0.511,,0.547,0.673,0.472,31.49,tablet,F,14,N,N,Y,1
0.502,0.257,0.433,0.824,0.227,37.71,tablet,F,54,N,N,N,0
0.798,0.285,0.044,0.397,0.166,53.82,pc,F,32,N,N,N,0
0.65,0.307,0.166,0.156,0.333,38.27,tablet,F,25,N,N,Y,0
,0.803,0.446,0.738,0.94,41.6,tablet,M,31,Y,Y,N,0
0.796,0.539,0.209,0.36,0.343,24.94,mobile,M,46,N,N,N,0
0.89,0.311,0.05,0.671,0.988,19.74,tablet,F,17,N,N,Y,0
0.338,0.61,0.844,0.271,0.485,30.62,tablet,F,57,N,Y,Y,0
0.376,,0.981,0.081,0.179,31.07,pc,F,42,N,N,N,1
0.094,0.273,0.793,0.993,0.891,19.21,pc,F,47,N,Y,N,0
,0.414,0.854,0.156,0.46,28.25,tablet,M,52,N,N,N,0
0.036,0.122,0.242,0.988,0.71,,mobile,M,25,N,N,N,0
,0.181,0.961,0.977,0.984,33.6,mobile,F,14,N,Y,Y,0
0.543,0.681,0.197,0.794,0.05,35.04,pc,M,25,N,Y,Y,0
0.287,0.181,0.951,0.659,0.097,32.91,tablet,M,16,N,Y,N,0
0.591,0.525,0.995,0.578,0.72,24.93,tablet,F,10,N,Y,Y,1
0.031,0.709,0.712,0.866,0.282,24.86,mobile,F,18,Y,N,N,0
0.037,0.107,0.981,0.289,0.184,18.01,mobile,F,27,N,N,N,0
,0.567,0.57,0.468,0.039,47.85,mobile,M,54,N,N,N,0
0.36,0.257,0.26,0.619,0.022,30.13,pc,M,56,N,N,Y,0
0.127,0.963,0.437,0.411,0.774,27.75,tablet,F,12,N,N,N,0
0.522,0.484,0.594,0.427,0.134,20.71,pc,F,33,N,N,N,0
,0.806,0.073,0.33,0.468,59.36,tablet,M,37,Y,N,N,0
0.216,0.55,0.622,0.564,0.606,19.27,pc,M,19,N,N,Y,0
0.623,0.043,0.981,0.851,0.428,25.71,tablet,F,18,N,N,Y,1
0.085,0.633,0.19,0.202,0.027,34.16,mobile,M,22,Y,N,Y,0
0.052,0.951,0.793,0.934,0.784,36.0,mobile,F,57,Y,N,Y,0
0.531,0.602,0.908,0.689,0.011,39.58,mobile,F,44,N,N,Y,0
0.541,0.819,0.944,0.823,0.762,48.08,pc,M,32,N,N,N,0
0.637,0.884,0.96,0.556,0.893,35.06,mobile,M,56,N,N,N,0
0.726,0.228,0.521,0.78,0.433,19.44,tablet,M,26,N,N,N,0
0.976,0.212,0.977,0.016,0.536,27.43,pc,F,55,N,N,N,1
0.516,0.611,0.757,0.818,0.477,33.08,tablet,F,16,N,N,Y,0
0.323,0.411,0.162,0.04,0.389,50.68,pc,F,25,N,N,N,0
0.795,0.84,0.477,0.89,0.887,16.02,tablet,F,49,Y,N,Y,0
0.271,0.9,0.718,0.992,0.894,42.03,tablet,F,45,N,Y,Y,0
0.439,,0.247,0.294,0.336,31.8,pc,F,29,N,N,Y,0
0.078,0.237,0.641,0.21,0.615,38.38,pc,M,33,N,N,N,0
,0.781,0.667,0.765,0.927,28.98,mobile,F,56,N,Y,N,0
0.963,0.275,0.163,0.253,0.962,21.58,mobile,F,14,N,N,Y,0
0.836,0.823,0.565,0.866,0.509,37.51,tablet,F,54,Y,N,N,0
0.696,0.424,0.772,0.103,0.453,36.54,tablet,F,15,Y,N,Y,1
0.409,0.668,0.499,0.126,0.279,39.72,tablet,M,37,Y,Y,Y,0
0.173,0.096,0.012,0.979,0.959,29.87,pc,F,14,Y,Y,N,0
0.156,0.624,0.009,0.674,0.143,24.0,pc,M,58,N,N,N,1
0.25,0.452,0.357,0.847,0.58,14.41,mobile,M,48,Y,N,N,1
0.549,0.587,0.926,0.324,0.283,38.19,tablet,F,47,Y,N,N,1
0.715,0.168,0.229,0.676,0.279,34.24,mobile,F,11,N,N,N,0
0.66,0.737,0.634,0.594,0.405,20.34,pc,M,52,N,N,N,1
0.28,0.863,0.222,0.603,0.999,24.61,pc,M,48,Y,N,N,0
0.955,0.217,0.322,0.683,0.055,25.33,pc,F,30,N,N,N,0
0.738,0.096,0.848,0.575,0.579,15.17,mobile,M,49,N,N,N,0
0.554,0.024,0.729,0.429,0.083,21.82,pc,F,46,Y,N,N,1
0.612,0.642,0.095,0.276,0.155,18.66,tablet,F,27,Y,N,Y,0
0.42,0.607,0.429,0.769,0.44,25.88,mobile,M,57,N,N,N,0
0.248,0.547,0.029,0.226,0.51,22.61,pc,F,55,N,N,Y,0
0.356,0.232,0.481,0.692,0.259,13.73,mobile,F,21,N,N,Y,0
0.758,0.391,0.662,0.233,0.316,50.23,mobile,F,26,Y,N,N,1
0.014,0.594,0.119,0.625,0.087,42.53,pc,M,46,N,N,Y,0
0.116,0.497,0.289,0.747,0.303,22.21,pc,M,55,N,Y,N,0
0.046,0.988,0.398,0.219,0.967,32.72,mobile,M,47,Y,N,N,1
0.041,0.136,0.92,0.06,0.945,34.17,mobile,F,24,N,Y,Y,0
0.855,0.695,0.993,0.131,0.335,41.91,pc,M,16,N,N,Y,0
0.704,0.404,0.045,0.606,0.571,21.81,tablet,M,23,N,N,N,1
0.474,0.428,0.761,0.849,0.91,40.92,mobile,M,59,N,Y,Y,1
,0.718,0.372,0.045,0.006,24.52,mobile,F,10,N,N,Y,1
,0.692,0.392,0.734,0.811,16.64,tablet,F,47,N,N,Y,0
0.473,0.991,0.754,0.341,0.948,37.24,pc,M,12,N,N,N,0
0.173,0.128,0.918,0.479,0.091,42.91,pc,M,46,Y,N,N,0
0.434,0.104,0.951,0.929,0.161,55.88,tablet,M,53,N,N,N,0
0.399,0.724,0.577,0.332,0.961,18.0,pc,F,40,Y,Y,Y,0
0.616,0.578,0.357,0.465,0.538,36.99,pc,M,52,Y,N,N,0
0.635,0.274,0.788,0.014,0.014,25.9,mobile,F,22,N,N,N,1
0.045,0.079,0.251,0.082,0.258,37.83,mobile,F,57,N,N,Y,0
0.375,0.086,0.564,0.259,0.45,15.3,mobile,F,27,N,N,N,0
0.626,0.894,0.359,0.028,0.693,17.37,tablet,M,26,N,N,N,0
0.503,0.192,0.657,0.631,0.733,22.24,pc,M,26,Y,Y,N,0
0.856,0.323,0.24,0.426,0.995,30.79,pc,F,20,N,N,Y,1
0.659,0.227,0.192,0.548,0.288,23.59,mobile,F,29,N,N,Y,0
0.163,0.355,0.918,0.175,0.538,36.59,mobile,F,19,N,N,Y,0
0.071,0.069,0.102,0.296,0.533,40.27,tablet,F,38,N,N,Y,0
0.642,0.519,0.506,0.664,0.406,36.0,pc,M,57,N,N,N,0
0.027,0.068,0.221,0.965,0.169,46.19,tablet,M,43,N,N,Y,0
0.586,0.8,0.039,0.05,0.977,34.16,pc,F,26,N,N,N,1
0.94,,0.036,0.89,0.853,17.83,tablet,F,51,Y,N,Y,0
0.575,0.54,0.175,0.577,0.498,43.63,mobile,F,22,N,N,Y,0
0.388,0.88,0.867,0.564,0.603,23.95,tablet,M,53,N,N,N,0
0.643,0.651,0.282,0.5,0.227,39.1,tablet,F,56,N,N,Y,1
0.458,0.533,0.95,0.069,0.544,45.74,mobile,M,48,N,N,N,1
0.546,0.324,0.582,0.09,0.695,34.57,pc,F,36,N,Y,Y,0
0.941,0.333,0.437,0.601,0.515,15.04,pc,M,35,N,Y,Y,0
0.386,0.669,0.58,0.341,0.99,20.82,mobile,M,37,N,N,N,1
0.961,0.994,0.517,0.917,0.611,43.23,tablet,F,22,N,Y,N,1
0.905,0.662,0.759,0.407,0.371,28.31,tablet,M,21,N,N,Y,1
0.196,0.558,0.282,0.143,0.772,30.8,tablet,M,53,N,Y,Y,1
0.069,0.731,0.353,0.715,0.17,37.59,pc,M,37,N,N,N,0
0.101,0.465,0.894,0.293,0.385,36.96,tablet,M,11,Y,N,N,0
,0.06,0.946,0.525,0.347,32.79,pc,F,46,N,N,N,1
0.094,,0.893,0.698,0.432,27.91,tablet,F,43,Y,N,Y,1
0.683,0.958,0.419,0.9,0.782,26.87,mobile,F,32,N,N,N,0
0.071,0.175,0.78,0.792,0.484,38.58,mobile,F,54,N,N,Y,0
0.319,0.69,0.476,0.676,0.794,,pc,F,38,N,Y,Y,1
0.845,0.201,0.498,0.68,0.576,27.43,pc,M,44,N,N,N,0
0.023,0.536,0.205,0.946,0.342,40.82,mobile,M,20,N,N,Y,1
0.814,0.097,0.591,0.296,0.81,28.71,mobile,M,57,Y,N,Y,0
0.282,0.45,0.186,0.001,0.238,21.48,tablet,M,42,N,N,Y,0
0.118,0.756,0.332,0.272,0.224,22.41,mobile,F,20,N,Y,Y,0
0.697,0.348,0.855,0.218,0.505,,pc,F,18,N,N,N,0
0.629,0.665,0.207,0.662,0.261,27.28,mobile,M,23,N,N,N,0
0.877,0.795,0.071,0.634,0.009,42.34,pc,F,18,N,N,Y,0
0.735,0.927,0.069,0.593,0.648,21.95,pc,M,48,N,Y,N,1
0.803,0.235,0.941,0.016,0.511,31.88,tablet,M,57,N,N,N,1
0.282,0.399,0.507,0.729,0.446,23.43,tablet,F,12,N,N,N,0
0.177,0.152,0.409,0.324,0.967,27.4,tablet,F,38,Y,N,Y,0
0.751,0.992,0.811,0.665,0.571,14.9,tablet,F,28,N,N,N,0
0.807,0.927,0.836,0.557,0.863,27.79,mobile,F,45,N,N,N,0
0.991,0.54,0.332,0.343,0.139,28.06,tablet,F,41,Y,Y,Y,0
0.413,0.842,0.694,0.135,0.569,35.4,mobile,F,16,Y,N,Y,0
0.372,0.521,0.771,0.094,0.868,32.23,tablet,F,37,N,Y,Y,0
0.776,0.624,0.655,0.832,0.583,18.02,tablet,M,53,N,Y,N,0
0.341,0.089,0.152,0.918,0.718,40.84,pc,F,27,Y,N,Y,0
,0.755,0.876,0.65,0.372,32.1,mobile,M,14,N,N,N,1
0.858,0.128,0.539,0.103,0.092,31.98,pc,M,32,N,N,Y,0
0.429,0.826,0.282,0.402,0.458,29.91,tablet,F,31,Y,N,N,1
0.751,0.782,0.425,0.729,0.394,24.82,mobile,M,35,Y,N,Y,1
0.755,0.709,0.038,0.78,0.867,32.18,tablet,F,51,N,N,N,1
0.103,0.036,0.128,0.118,0.244,,pc,M,21,Y,N,N,1
0.903,0.303,0.766,0.0,0.967,12.53,mobile,M,49,N,N,Y,0
0.505,0.263,0.0,0.712,0.958,24.61,pc,M,28,N,N,Y,0
0.826,,0.417,0.357,0.248,27.45,tablet,F,56,N,N,Y,0
0.32,0.088,0.523,0.254,0.348,32.56,tablet,M,10,Y,N,N,1
0.896,0.937,0.055,0.013,0.896,41.93,tablet,M,12,Y,N,N,1
0.389,0.554,0.973,0.54,0.967,,mobile,M,36,Y,N,Y,1
0.011,0.306,0.226,0.851,0.443,25.02,pc,F,27,Y,N,Y,0
0.905,0.397,0.304,0.958,0.321,,pc,M,59,N,N,Y,1
0.091,0.447,0.304,0.566,0.526,21.98,tablet,F,39,Y,Y,N,0
0.319,0.601,0.23,0.514,0.688,26.53,pc,M,11,N,Y,N,0
0.95,0.516,0.001,0.085,0.273,37.71,mobile,M,14,N,Y,N,1
0.951,0.919,0.729,0.549,0.736,,tablet,M,38,Y,N,Y,0
0.573,0.497,0.967,0.38,0.052,34.28,tablet,F,42,Y,Y,Y,1
0.632,0.992,0.224,0.607,0.049,12.98,tablet,M,51,Y,N,N,0
0.448,0.851,0.663,0.389,0.386,24.39,mobile,M,29,Y,N,Y,1
0.293,0.209,0.742,0.24,0.353,26.71,tablet,M,39,N,N,N,0
0.329,0.931,0.848,0.095,0.316,46.75,tablet,M,51,N,N,Y,1
0.673,0.116,0.423,0.315,0.491,27.25,tablet,F,14,N,N,Y,1
0.752,0.817,0.303,0.097,0.321,7.99,tablet,M,59,N,N,N,1
0.792,0.381,0.325,0.177,0.192,10.01,pc,M,30,N,N,N,0
0.79,0.878,0.713,0.987,0.309,30.34,tablet,M,24,N,N,N,1
0.091,0.868,0.817,0.444,0.975,36.14,mobile,M,29,N,N,Y,0
0.494,,0.182,0.532,0.411,33.75,tablet,F,17,Y,N,Y,0
0.058,0.79,0.371,0.874,0.445,31.68,tablet,M,58,Y,N,N,0
0.55,0.305,0.902,0.996,0.577,41.62,pc,M,40,N,Y,N,1
0.442,0.081,0.807,0.583,0.983,24.6,tablet,F,21,N,N,N,0
0.888,0.403,0.985,0.812,0.242,38.95,pc,M,30,N,N,Y,1
0.351,0.174,0.754,0.327,0.681,13.68,mobile,M,39,N,N,N,1
0.117,0.695,0.393,0.306,0.716,20.95,pc,M,36,N,N,N,0
0.143,0.346,0.591,0.403,0.607,11.93,tablet,F,53,N,N,N,1
0.762,0.976,0.661,0.673,0.089,27.25,mobile,M,35,N,Y,N,0
0.618,0.641,0.078,0.682,0.677,29.54,tablet,F,42,N,Y,Y,1
0.101,0.822,0.544,0.315,0.064,31.14,pc,F,35,N,Y,N,0
0.084,0.133,0.709,0.133,0.596,30.62,mobile,F,35,N,Y,N,0
0.701,0.862,0.167,0.632,0.74,20.72,mobile,F,45,N,Y,N,0
0.073,0.923,0.781,0.128,0.211,28.1,pc,F,49,N,N,N,0
0.822,0.487,0.584,0.578,0.842,15.03,pc,F,10,N,N,N,0
0.706,0.606,0.952,0.693,0.03,43.63,mobile,F,24,N,N,N,0
0.081,0.765,0.042,0.701,0.844,,mobile,M,59,N,N,Y,0
0.085,0.175,0.265,0.753,0.46,25.11,pc,M,10,N,Y,Y,0
0.987,0.503,0.602,0.873,0.218,45.89,tablet,F,20,Y,N,Y,0
0.374,0.399,0.297,0.5,0.134,17.58,mobile,F,11,N,N,Y,1
0.371,0.146,0.714,0.73,0.953,,pc,F,10,Y,N,Y,0
0.813,0.368,0.759,0.619,0.073,19.04,tablet,F,40,N,N,Y,1
0.947,0.068,0.103,0.187,0.199,,mobile,F,53,N,N,Y,0
0.986,0.026,0.514,0.026,0.348,34.32,mobile,F,25,N,N,Y,0
0.753,,0.509,0.285,0.62,37.4,pc,M,31,Y,N,Y,0
0.376,0.963,0.369,0.443,0.545,55.72,tablet,M,51,N,N,Y,0
0.084,0.55,0.933,0.617,0.126,7.51,mobile,F,27,N,N,N,0
0.777,0.966,0.828,0.85,0.29,,tablet,F,56,N,N,N,0
0.558,0.432,0.697,0.196,0.239,24.43,tablet,F,26,Y,N,Y,1
0.424,,0.714,0.126,0.214,24.14,mobile,M,39,N,N,N,1
0.906,0.506,0.462,0.963,0.411,23.8,tablet,F,19,N,N,N,0
0.111,0.44,0.921,0.108,0.704,20.91,mobile,M,44,Y,N,Y,1
0.493,0.106,0.695,0.478,0.217,46.85,tablet,M,30,N,Y,N,0
0.011,0.641,0.729,0.586,0.367,38.42,mobile,M,25,N,N,N,0
0.469,0.216,0.862,0.541,0.391,30.23,pc,F,15,N,Y,N,0
0.056,0.62,0.274,0.086,0.976,43.51,mobile,F,12,N,N,Y,1
0.119,0.65,0.807,0.057,0.955,14.87,mobile,M,50,N,N,N,1
0.118,0.152,0.195,0.105,0.8,16.69,mobile,M,52,N,N,Y,1
0.649,0.061,0.345,0.586,0.242,8.22,tablet,M,30,N,N,N,0
0.746,0.781,0.336,0.544,0.068,23.01,pc,M,22,Y,Y,N,0
0.583,0.46,0.979,0.234,0.317,31.62,tablet,F,27,Y,N,N,1
0.962,0.058,0.857,0.638,0.267,31.03,tablet,M,33,N,Y,N,0
0.375,0.995,0.701,0.82,0.506,31.49,mobile,F,36,N,N,Y,0
0.286,0.058,0.727,0.042,0.778,15.89,tablet,M,13,N,N,N,0
0.869,0.695,0.562,0.498,0.858,38.03,mobile,F,31,N,N,N,0
,0.984,0.947,0.689,0.845,32.4,pc,M,33,N,N,Y,0
0.963,,0.496,0.252,0.36,37.33,tablet,F,49,N,Y,N,0
0.012,0.142,0.381,0.308,0.687,11.07,tablet,F,54,Y,N,Y,0
0.97,,0.163,0.614,0.313,33.11,tablet,F,19,N,Y,Y,0
0.043,0.303,0.786,0.898,0.061,18.12,mobile,M,11,N,Y,N,0
0.891,0.101,0.734,0.81,0.702,26.03,mobile,F,49,N,Y,Y,0
0.528,0.692,0.384,0.583,0.01,35.34,tablet,M,15,Y,N,N,0
0.993,0.062,0.025,0.73,0.409,30.91,tablet,F,57,N,N,Y,0
0.074,0.509,0.839,0.365,0.329,21.48,pc,F,27,Y,Y,Y,0
,0.997,0.011,0.641,0.693,30.06,pc,M,26,Y,Y,N,0
0.969,0.814,0.704,0.466,0.766,14.68,pc,F,47,Y,N,Y,1
0.523,0.615,0.97,0.19,0.304,41.5,pc,F,54,N,N,N,1
0.629,0.306,0.438,0.702,0.812,27.95,pc,M,32,N,N,N,0
0.696,0.624,0.235,0.556,0.294,,mobile,F,55,N,N,N,0
0.455,0.527,0.705,0.359,0.446,24.73,pc,F,39,N,N,N,1
0.628,0.426,0.817,0.911,0.727,24.76,pc,F,30,N,N,N,0
0.584,0.131,0.546,0.021,0.693,22.36,tablet,F,19,N,N,Y,0
0.901,0.887,0.967,0.316,0.987,38.76,mobile,M,52,N,N,N,0
0.045,0.45,0.052,0.057,0.225,22.91,pc,F,22,Y,N,Y,0
0.281,0.195,0.505,0.767,0.662,36.45,pc,F,21,N,N,N,0
0.95,0.368,0.718,0.702,0.61,26.18,pc,F,18,N,N,N,1
0.89,0.414,0.863,0.331,0.915,10.24,tablet,F,13,N,N,N,1
0.456,0.828,0.179,0.676,0.156,24.3,tablet,F,48,N,N,N,0
0.62,0.734,0.8,0.396,0.752,18.21,tablet,F,33,N,N,N,0
0.277,0.769,0.553,0.756,0.568,30.34,pc,F,43,Y,Y,N,0
,0.011,0.397,0.454,0.275,18.1,tablet,F,48,N,Y,N,0
0.464,0.416,0.132,0.412,0.474,39.26,pc,M,50,N,N,Y,0
0.353,,0.865,0.935,0.334,29.09,mobile,M,14,N,N,Y,0
0.584,0.019,0.157,0.251,0.579,28.22,pc,M,24,N,N,Y,0
0.078,0.26,0.31,0.12,0.889,36.56,tablet,M,59,N,N,N,0
0.974,0.76,0.29,0.585,0.569,39.64,mobile,F,13,N,N,Y,0
,0.137,0.871,0.969,0.632,29.8,pc,F,48,N,Y,Y,1
0.698,0.535,0.673,0.378,0.519,22.29,mobile,M,17,Y,N,Y,0
0.536,0.215,0.797,0.062,0.051,12.26,mobile,M,58,N,N,N,1
0.31,0.012,0.25,0.339,0.233,23.14,mobile,M,54,N,Y,N,0
0.814,0.241,0.625,0.506,0.492,23.83,pc,F,33,Y,Y,Y,0
0.685,0.976,0.572,0.162,0.31,31.07,tablet,F,37,N,Y,Y,0
0.163,0.802,0.833,0.658,0.182,26.55,pc,M,52,N,N,Y,0
,0.96,0.906,0.998,0.504,36.88,tablet,M,36,N,N,Y,0
0.823,0.488,0.012,0.452,0.323,23.87,pc,M,10,Y,N,Y,1
0.95,0.11,0.674,0.355,0.258,29.43,pc,M,43,N,N,N,1
,0.548,0.052,0.401,0.464,41.84,pc,M,26,N,Y,N,0
0.613,0.454,0.549,0.115,0.133,33.42,tablet,F,46,N,N,Y,0
0.418,0.844,0.288,0.883,0.928,29.4,pc,M,47,N,N,Y,0
0.933,0.098,0.307,0.415,0.868,23.98,mobile,F,35,Y,N,Y,0
0.866,0.488,0.353,0.387,0.708,23.67,pc,M,33,N,N,Y,0
0.045,0.15,0.621,0.66,0.106,21.49,mobile,M,48,Y,N,Y,0
0.026,0.325,0.334,0.442,0.776,,tablet,F,30,Y,N,Y,0
0.376,,0.733,0.648,0.808,37.56,tablet,M,39,N,N,Y,0
0.811,0.476,0.405,0.061,0.768,27.78,pc,F,56,N,N,N,0
0.987,0.376,0.068,0.814,0.114,16.5,pc,F,57,N,N,N,0
,0.394,0.784,0.941,0.644,,pc,M,22,Y,Y,N,0
0.594,0.459,0.286,0.649,0.834,33.2,mobile,M,46,N,N,Y,1
0.381,0.785,0.433,0.955,0.577,,tablet,F,12,N,N,N,0
0.97,0.892,0.685,0.151,0.646,25.58,mobile,F,41,N,N,N,1
0.842,0.955,0.332,0.477,0.458,31.11,mobile,M,44,N,N,Y,1
0.838,0.787,0.057,0.602,0.529,47.05,pc,F,28,N,N,Y,1
0.469,,0.374,0.582,0.034,18.92,pc,M,23,N,Y,N,1
0.415,0.688,0.944,0.401,0.639,39.76,mobile,F,57,Y,N,Y,0
0.273,,0.642,0.338,0.081,43.99,mobile,M,31,N,N,Y,1
0.056,0.255,0.671,0.127,0.435,23.71,pc,F,26,N,N,N,0
0.865,0.841,0.632,0.392,0.293,27.22,pc,F,13,N,Y,N,0
0.813,0.038,0.199,0.163,0.545,19.64,mobile,M,54,N,Y,Y,1
,0.902,0.418,0.734,0.133,27.97,pc,F,49,N,Y,N,1
0.997,0.461,0.751,0.209,0.692,29.63,pc,F,28,Y,N,N,1
0.555,0.637,0.101,0.059,0.795,36.6,mobile,F,46,Y,N,Y,1
0.769,0.659,0.278,0.552,0.163,40.9,mobile,F,11,N,N,N,1
0.945,0.895,0.276,0.595,0.104,22.52,tablet,F,24,Y,N,Y,1
0.85,0.637,0.432,0.872,0.146,10.33,mobile,F,11,N,N,Y,1
0.247,0.614,0.98,0.577,0.877,29.79,pc,F,20,N,N,N,0
0.451,0.067,0.068,0.345,0.528,32.94,mobile,M,54,N,N,Y,1
0.129,,0.519,0.803,0.467,32.49,mobile,F,32,N,N,Y,1
0.954,0.15,0.179,0.54,0.107,26.73,mobile,F,19,N,N,Y,1
0.606,0.737,0.971,0.079,0.65,31.25,tablet,M,12,N,N,N,0
0.229,0.512,0.113,0.566,0.868,45.15,tablet,F,14,Y,N,N,0
0.672,0.68,0.404,0.908,0.828,33.82,pc,F,12,N,N,Y,0
0.618,0.042,0.738,0.396,0.626,26.27,tablet,M,47,N,N,N,1
0.358,0.085,0.705,0.296,0.075,25.0,mobile,F,22,N,N,Y,0
0.114,0.716,0.423,0.143,0.112,28.3,tablet,F,51,Y,Y,N,0
0.672,0.072,0.347,0.151,0.049,46.37,mobile,M,28,N,Y,Y,0
0.52,0.071,0.398,0.433,0.257,28.17,tablet,M,49,N,N,N,1
0.772,0.012,0.264,0.596,0.136,29.8,tablet,F,59,N,Y,N,1
0.52,0.957,0.205,0.081,0.26,25.18,tablet,F,44,N,N,N,1
0.852,0.738,0.483,0.94,0.385,40.99,mobile,M,33,N,N,Y,0
0.552,0.353,0.269,0.755,0.943,,tablet,F,33,N,N,N,0
0.561,0.297,0.287,0.587,0.61,34.51,mobile,M,26,Y,N,Y,0
0.877,0.35,0.657,0.828,0.835,30.83,mobile,M,49,N,N,N,0
0.403,0.775,0.969,0.08,0.71,30.37,pc,M,19,N,Y,Y,1
0.134,0.661,0.604,0.477,0.113,6.16,tablet,F,11,N,Y,Y,0
0.029,0.185,0.077,0.63,0.736,37.45,pc,M,53,N,N,Y,0
0.755,0.174,0.076,0.829,0.275,31.34,pc,M,32,Y,N,Y,0
0.62,0.098,0.951,0.783,0.639,34.28,mobile,M,15,Y,N,N,0
0.704,0.66,0.297,0.277,0.341,22.89,tablet,F,11,N,Y,N,1
0.213,0.764,0.092,0.941,0.998,26.16,mobile,F,30,N,N,N,0
0.136,0.265,0.599,0.124,0.264,25.89,mobile,F,44,N,N,N,1
0.015,0.021,0.624,0.875,0.279,40.22,tablet,M,58,N,Y,N,0
0.351,0.082,0.649,0.971,0.931,26.21,mobile,F,38,N,Y,Y,0
0.59,0.968,0.267,0.177,0.025,50.83,tablet,F,16,N,N,Y,0
0.392,0.295,0.015,0.722,0.697,34.31,tablet,M,38,N,N,Y,0
0.437,0.769,0.965,0.04,0.725,17.24,mobile,M,46,N,N,Y,1
0.904,0.625,0.251,0.405,0.836,28.71,mobile,F,32,N,N,Y,0
0.348,0.382,0.676,0.516,0.974,23.48,pc,F,42,N,N,Y,0
0.514,0.206,0.707,0.581,0.976,8.06,mobile,M,17,N,N,Y,0
0.784,0.121,0.61,0.936,0.065,45.99,tablet,F,21,N,N,Y,0
0.397,0.615,0.313,0.672,0.822,37.03,pc,M,55,N,N,N,1
0.622,0.775,0.271,0.481,0.646,35.33,tablet,M,57,N,Y,Y,0
0.862,0.644,0.598,0.81,0.647,31.65,pc,F,19,N,N,N,0
0.95,0.53,0.866,0.951,0.128,16.18,mobile,F,24,Y,N,N,1
0.147,0.042,0.947,0.022,0.65,25.16,mobile,F,33,N,N,N,0
,0.968,0.106,0.983,0.982,38.42,mobile,F,35,N,N,Y,0
0.492,0.799,0.155,0.086,0.912,19.49,tablet,M,56,N,N,Y,0
0.258,0.293,0.945,0.814,0.439,4.68,pc,F,51,Y,N,Y,0
,0.98,0.737,0.28,0.04,27.73,tablet,F,48,Y,N,Y,1
0.98,0.602,0.883,0.132,0.362,28.58,pc,F,12,Y,N,Y,0
0.493,0.582,0.203,0.44,0.826,31.36,mobile,M,11,N,N,N,1
0.329,0.748,0.588,0.644,0.701,37.29,tablet,F,15,Y,N,N,0
0.633,0.812,0.701,0.381,0.459,36.38,mobile,F,30,N,N,N,1
0.24,0.656,0.68,0.055,0.055,32.59,tablet,M,18,Y,N,Y,0
0.076,0.128,0.408,0.599,0.427,41.96,mobile,M,19,Y,Y,Y,0
0.129,,0.015,0.902,0.469,14.81,tablet,M,45,Y,N,N,0
0.128,0.928,0.583,0.383,0.929,35.05,tablet,M,12,Y,N,Y,0
0.152,0.225,0.253,0.216,0.641,36.27,pc,M,50,N,N,N,1
0.139,0.372,0.45,0.443,0.312,17.6,mobile,F,33,N,Y,N,1
0.641,0.432,0.958,0.048,0.525,14.97,pc,M,31,N,Y,Y,0
0.182,,0.399,0.82,0.066,22.54,pc,M,58,Y,N,Y,0
0.346,0.613,0.84,0.826,0.973,23.38,mobile,M,23,Y,N,Y,0
0.897,0.943,0.189,0.588,0.36,37.53,tablet,M,51,N,N,Y,1
0.474,0.241,0.672,0.353,0.478,23.85,pc,M,54,N,N,Y,1
0.668,0.122,0.977,0.8,0.355,21.44,mobile,M,53,Y,Y,Y,0
0.172,0.197,0.102,0.555,0.683,23.88,tablet,M,36,N,Y,Y,1
0.192,0.887,0.008,0.826,0.662,41.19,pc,M,42,N,N,N,1
0.041,0.646,0.434,0.631,0.715,30.13,pc,F,31,Y,Y,N,0
0.169,0.286,0.093,0.784,0.268,28.21,pc,F,38,N,N,Y,1
0.279,0.816,0.748,0.599,0.316,28.9,tablet,F,28,Y,N,N,0
0.177,0.861,0.915,0.414,0.125,42.92,pc,M,28,N,Y,N,0
0.089,0.847,0.434,0.958,0.656,22.51,tablet,M,15,Y,N,N,0
0.121,0.919,0.259,0.541,0.04,43.16,pc,M,54,N,Y,N,0
0.461,0.252,0.434,0.605,0.598,32.1,mobile,F,28,Y,Y,Y,0
0.206,0.755,0.723,0.22,0.87,28.4,pc,M,22,N,N,Y,0
0.364,0.461,0.009,0.626,0.891,55.01,mobile,M,35,Y,N,N,1
,0.842,0.589,0.572,0.449,19.44,mobile,M,31,N,N,N,0
0.69,0.728,0.613,0.185,0.459,26.46,mobile,F,30,N,N,N,0
0.039,0.776,0.638,0.06,0.077,17.68,tablet,F,45,N,N,N,1
0.799,0.656,0.242,0.604,0.671,39.52,mobile,M,11,N,N,N,0
0.628,0.177,0.714,0.764,0.821,46.89,pc,F,56,N,N,Y,0
0.082,0.545,0.091,0.523,0.245,46.7,tablet,M,53,N,N,Y,1
0.874,0.985,0.199,0.227,0.421,42.24,mobile,M,39,Y,N,Y,1
0.921,0.937,0.877,0.667,0.839,,tablet,F,36,N,Y,N,0
0.061,0.043,0.739,0.08,0.877,26.35,tablet,F,16,Y,Y,N,0
0.277,0.165,0.014,0.442,0.243,13.29,tablet,F,29,N,N,N,1
0.806,0.132,0.248,0.163,0.551,50.36,pc,F,59,Y,N,N,0
0.748,0.726,0.214,0.184,0.192,34.69,mobile,M,40,N,N,N,0
0.185,0.818,0.271,0.202,0.102,25.08,tablet,M,32,N,N,N,0
0.209,0.214,0.248,0.387,0.911,43.28,tablet,F,22,N,N,N,0
0.37,0.506,0.063,0.051,0.821,20.27,tablet,F,26,N,N,Y,1
0.485,0.841,0.459,0.398,0.76,34.07,mobile,M,13,Y,N,N,1
0.618,0.733,0.733,0.512,0.049,28.27,tablet,M,23,N,N,N,1
0.369,0.542,0.607,0.483,0.844,36.39,tablet,M,29,Y,N,Y,1
,0.59,0.673,0.383,0.438,29.36,pc,M,22,N,N,Y,0
0.747,0.508,0.081,0.839,0.342,15.49,mobile,F,12,N,Y,N,0
0.037,0.298,0.951,0.145,0.546,,pc,F,35,N,N,Y,1
0.252,0.565,0.838,0.506,0.091,40.49,mobile,F,35,Y,N,Y,0
0.713,0.689,0.805,0.062,0.757,29.71,mobile,M,27,Y,N,Y,0
0.895,0.873,0.823,0.071,0.582,37.75,mobile,M,41,Y,Y,N,1
0.512,0.636,0.933,0.574,0.187,19.54,pc,F,23,Y,N,N,0
0.532,0.761,0.544,0.566,0.188,29.74,pc,F,56,Y,N,Y,0
0.107,0.16,0.2,0.878,0.184,23.75,pc,F,12,N,Y,Y,1
0.447,0.462,0.617,0.558,0.057,37.47,pc,M,10,Y,N,N,1
0.533,0.009,0.743,0.96,0.588,30.31,tablet,F,35,N,N,N,0
,,0.738,0.049,0.84,36.9,tablet,M,33,N,N,N,1
0.269,0.726,0.521,0.098,0.017,40.88,tablet,F,58,N,Y,Y,0
0.377,0.992,0.068,0.044,0.049,36.92,mobile,F,44,N,N,Y,0
0.02,0.099,0.371,0.185,0.573,32.73,tablet,F,23,N,N,Y,1
0.322,0.401,0.921,0.541,0.819,20.02,mobile,M,12,N,N,N,1
0.211,0.8,0.584,0.646,0.327,29.97,pc,M,22,Y,N,Y,0
0.327,0.204,0.538,0.046,0.35,24.67,mobile,M,56,N,N,Y,0
0.12,0.555,0.269,0.946,0.596,26.56,mobile,M,59,N,Y,Y,0
0.891,0.733,0.368,0.842,0.274,26.25,tablet,M,23,N,Y,Y,0
0.594,0.616,0.895,0.297,0.027,20.2,pc,M,30,N,N,N,0
0.679,0.188,0.666,0.077,0.735,10.43,pc,F,35,N,Y,Y,0
0.789,0.355,0.787,0.17,0.626,23.32,tablet,M,12,N,N,N,0
0.498,0.784,0.454,0.127,0.581,31.93,pc,F,49,Y,N,N,0
0.087,0.554,0.63,0.123,0.742,16.52,pc,M,13,N,N,Y,0
0.537,,0.248,0.519,0.675,30.16,pc,F,45,N,Y,N,1
0.587,0.761,0.705,0.246,0.206,49.0,tablet,F,52,Y,N,N,0
0.745,0.035,0.428,0.358,0.352,40.23,pc,M,10,Y,N,N,0
0.432,0.746,0.443,0.99,0.126,46.44,mobile,F,49,Y,Y,Y,1
0.128,0.202,0.649,0.684,0.13,33.91,mobile,M,56,N,Y,Y,1
0.284,0.958,0.936,0.949,0.676,41.68,pc,M,42,Y,N,Y,0
0.363,0.368,0.064,0.143,0.859,22.76,tablet,M,16,N,Y,N,0
0.646,0.327,0.825,0.382,0.963,23.56,tablet,M,20,N,N,N,1
0.571,0.149,0.292,0.555,0.628,2.61,tablet,F,36,N,Y,N,0
0.356,0.306,0.444,0.077,0.184,41.86,pc,M,23,N,N,Y,1
0.987,0.877,0.022,0.004,0.106,45.4,pc,F,31,N,N,Y,0
0.606,0.996,0.301,0.67,0.813,24.47,mobile,F,25,N,N,N,0
0.237,0.368,0.503,0.642,0.579,27.46,tablet,F,55,Y,N,Y,0
0.102,0.449,0.056,0.411,0.618,22.46,mobile,M,21,N,N,N,1
0.153,0.722,0.491,0.49,0.781,33.83,mobile,F,58,N,Y,Y,1
0.246,0.886,0.927,0.415,0.703,41.25,tablet,M,55,N,N,Y,0
0.161,0.593,0.105,0.024,0.834,,pc,F,19,N,N,Y,0
0.187,0.392,0.764,0.335,0.056,34.09,pc,M,33,Y,N,Y,0
0.285,0.413,0.41,0.177,0.748,27.23,mobile,M,55,N,N,Y,0
0.173,0.696,0.655,0.098,0.851,31.13,mobile,M,27,Y,N,Y,1
0.897,0.003,0.26,0.957,0.286,34.59,mobile,M,31,N,N,Y,0
0.08,0.62,0.159,0.599,0.64,28.12,mobile,F,18,N,N,Y,1
0.525,0.355,0.16,0.729,0.314,28.96,tablet,F,26,N,N,Y,0
0.41,,0.07,0.315,0.958,27.86,mobile,M,47,Y,N,N,1
0.982,0.093,0.186,0.393,0.033,39.7,mobile,F,49,N,N,Y,1
0.112,0.588,0.664,0.237,0.58,34.19,pc,M,22,N,N,N,0
0.398,0.481,0.882,0.097,0.167,32.21,pc,M,59,Y,N,N,0
0.969,,0.814,0.179,0.712,17.29,pc,F,46,N,N,N,0
0.866,0.065,0.685,0.798,0.176,26.21,tablet,M,15,N,N,N,0
0.817,0.58,0.11,0.678,0.235,38.99,tablet,M,30,N,Y,Y,0
0.258,0.561,0.289,0.547,0.494,30.38,pc,M,45,N,N,N,0
0.171,0.561,0.31,0.475,0.915,36.6,pc,M,16,N,Y,N,1
0.669,0.603,0.25,0.922,0.212,47.67,mobile,M,45,N,Y,N,0
0.929,0.676,0.515,0.073,0.144,40.39,mobile,F,34,N,N,Y,1
0.557,0.805,0.536,0.281,0.759,30.93,tablet,F,20,N,N,Y,1
0.572,0.27,0.357,0.35,0.501,24.89,tablet,F,53,N,N,Y,1
0.28,0.825,0.354,0.782,0.912,4.46,mobile,M,23,Y,N,N,0
0.769,0.498,0.829,0.993,0.147,28.32,pc,M,54,Y,N,N,0
0.187,0.077,0.789,0.241,0.646,26.74,mobile,M,38,Y,Y,Y,0
0.324,0.059,0.308,0.874,0.233,33.9,tablet,M,19,N,N,N,0
0.425,0.334,0.914,0.831,0.157,28.46,tablet,M,59,N,N,N,0
0.508,0.785,0.953,0.225,0.683,26.8,mobile,M,57,N,N,Y,1
0.242,0.708,0.327,0.399,0.594,12.21,mobile,F,14,Y,N,N,0
0.115,0.789,0.354,0.41,0.755,20.6,mobile,M,17,N,N,N,0
0.611,0.517,0.506,0.978,0.309,34.77,tablet,F,55,N,N,Y,1
0.289,0.44,0.941,0.181,0.448,47.16,pc,M,14,N,N,N,0
0.581,0.147,0.876,0.799,0.405,29.02,mobile,F,33,N,N,Y,0
0.154,0.328,0.103,0.334,0.984,33.28,tablet,M,49,N,N,N,1
0.481,0.434,0.393,0.731,0.292,39.52,tablet,F,35,Y,N,N,0
0.533,0.089,0.553,0.42,0.295,21.89,tablet,F,15,Y,N,N,0
,0.221,0.503,0.578,0.355,33.67,mobile,M,25,Y,N,Y,0
0.337,0.598,0.194,0.833,0.565,22.6,mobile,M,45,N,N,Y,1
0.134,0.736,0.859,0.804,0.252,38.65,pc,F,21,N,N,Y,0
0.063,0.998,0.677,0.866,0.915,31.51,tablet,M,20,N,N,N,0
,0.933,0.838,0.06,0.266,32.98,mobile,M,12,N,N,Y,0
0.322,0.643,0.859,0.692,0.896,22.17,tablet,M,53,N,N,N,0
0.81,0.421,0.748,0.14,0.103,37.07,tablet,F,46,Y,N,Y,0
0.255,0.636,0.439,0.416,0.657,,pc,M,15,Y,N,Y,0
0.682,0.786,0.611,0.549,0.907,19.92,mobile,F,28,N,Y,Y,0
0.76,0.118,0.16,0.403,0.169,26.6,mobile,F,27,N,N,N,0
0.596,0.41,0.674,0.52,0.968,32.32,tablet,M,25,N,N,N,0
0.472,,0.179,0.997,0.453,37.86,tablet,F,32,N,N,Y,0
0.412,,0.694,0.135,0.946,,pc,M,52,Y,Y,Y,0
0.349,,0.23,0.675,0.677,1.67,pc,M,46,N,N,N,0
0.93,0.588,0.118,0.396,0.302,43.59,pc,F,18,N,N,Y,0
0.831,0.184,0.165,0.133,0.188,37.61,pc,F,12,Y,N,N,1
0.965,0.362,0.002,0.159,0.304,12.57,pc,F,17,N,N,N,1
0.124,0.335,0.719,0.949,0.093,,pc,F,47,N,N,N,0
0.731,0.026,0.732,0.88,0.144,45.68,tablet,F,13,Y,N,N,0
0.938,0.024,0.515,0.907,0.105,44.48,pc,M,21,Y,N,N,0
0.181,0.832,0.161,0.992,0.423,39.39,tablet,F,53,N,N,N,0
0.066,0.273,0.084,0.208,0.796,28.24,tablet,M,40,N,Y,N,0
0.741,0.518,0.019,0.355,0.141,30.83,mobile,M,34,N,N,N,0
0.574,0.299,0.166,0.669,0.13,28.69,tablet,F,25,N,N,Y,1
0.842,0.941,0.891,0.484,0.643,41.28,tablet,F,51,N,N,Y,0
0.14,0.259,0.242,0.418,0.197,21.24,pc,F,23,Y,N,Y,0
0.795,0.43,0.354,0.358,0.098,21.94,tablet,F,22,N,N,N,1
0.202,0.873,0.105,0.594,0.167,40.1,pc,F,50,N,N,N,0
0.164,0.842,0.222,0.576,0.924,29.56,pc,M,16,N,N,Y,0
0.164,0.186,0.519,0.161,0.821,43.78,pc,M,21,N,N,Y,1
0.815,0.803,0.608,0.472,0.354,23.28,mobile,M,46,N,N,Y,1
0.665,0.458,0.245,0.553,0.656,29.45,pc,F,59,Y,N,N,1
0.523,0.483,0.058,0.57,0.537,20.78,tablet,F,13,N,N,N,0
0.359,0.133,0.391,0.21,0.677,30.07,pc,M,11,N,N,N,0
0.877,0.081,0.234,0.742,0.683,15.21,pc,F,44,Y,N,Y,1
,0.728,0.22,0.025,0.629,25.12,pc,F,53,N,Y,N,0
0.817,0.496,0.96,0.355,0.266,15.64,mobile,F,12,Y,N,Y,1
0.439,0.437,0.616,0.78,0.039,36.94,tablet,M,13,N,N,N,0
0.377,0.73,0.557,0.564,0.456,37.17,mobile,F,47,N,N,Y,0
0.463,0.766,0.416,0.261,0.891,12.7,tablet,M,21,Y,Y,Y,1
0.301,0.159,0.429,0.695,0.569,43.34,mobile,F,28,N,N,Y,0
0.748,0.61,0.541,0.567,0.832,54.97,tablet,F,19,N,Y,Y,0
0.503,0.135,0.696,0.796,0.992,30.46,mobile,M,10,N,N,N,0
0.232,0.751,0.702,0.735,0.164,23.59,pc,F,26,Y,N,Y,0
0.9,0.657,0.172,0.61,0.692,58.24,mobile,F,25,Y,N,Y,0
0.384,0.957,0.5,0.488,0.674,16.81,mobile,F,18,N,Y,N,0
0.544,0.069,0.412,0.133,0.98,,pc,M,18,Y,N,N,0
0.906,0.057,0.871,0.261,0.986,31.8,pc,F,18,N,Y,Y,1
0.624,0.282,0.631,0.419,0.687,43.45,tablet,F,21,N,N,N,0
0.117,0.262,0.533,0.599,0.244,33.6,tablet,F,50,N,N,N,1
0.94,0.247,0.115,0.514,0.799,25.01,tablet,F,24,N,N,Y,0
0.628,,0.606,0.288,0.107,20.49,mobile,F,11,N,N,Y,0
0.335,0.25,0.117,0.006,0.781,26.58,tablet,M,20,N,N,Y,0
0.139,0.272,0.337,0.496,0.91,19.93,mobile,M,20,N,N,N,1
0.794,,0.143,0.286,0.383,30.48,mobile,F,17,N,N,Y,1
0.62,0.45,0.692,0.735,0.631,24.36,tablet,F,41,N,Y,Y,1
0.533,0.777,0.206,0.024,0.43,15.06,tablet,M,15,Y,N,N,0
0.894,0.065,0.392,0.585,0.438,42.55,mobile,F,29,Y,N,N,0
0.789,0.488,0.896,0.941,0.31,25.02,pc,F,48,N,Y,Y,1
0.152,0.034,0.204,0.174,0.762,17.32,pc,F,44,N,Y,N,1
,0.063,0.508,0.472,0.936,,mobile,F,17,N,N,Y,1
0.248,0.906,0.419,0.091,0.941,30.68,tablet,F,59,N,N,Y,0
0.744,0.139,0.018,0.626,0.175,12.54,mobile,F,58,Y,N,N,1
0.034,0.532,0.793,0.551,0.875,33.32,mobile,F,52,N,N,N,0
0.57,0.411,0.069,0.407,0.737,19.53,tablet,F,43,N,N,Y,0
0.762,0.347,0.474,0.521,0.253,47.11,pc,M,28,N,N,N,0
0.877,0.9,0.561,0.897,0.067,35.24,mobile,M,16,N,N,N,0
0.342,0.022,0.628,0.196,0.268,26.0,pc,F,40,Y,N,Y,1
0.821,0.664,0.689,0.023,0.912,22.55,pc,F,27,N,N,N,1
0.111,0.963,0.253,0.862,0.633,28.95,tablet,F,49,N,N,Y,1
0.846,0.56,0.01,0.577,0.721,36.13,mobile,F,23,Y,N,N,0
0.127,0.937,0.723,0.891,0.257,29.75,mobile,M,48,N,N,N,0
0.397,0.052,0.536,0.597,0.719,27.83,pc,M,45,N,Y,Y,1
0.797,0.419,0.836,0.81,0.028,30.58,pc,M,26,N,Y,Y,0
0.15,0.26,0.821,0.43,0.375,23.96,tablet,M,46,N,N,Y,1
0.229,0.731,0.843,0.75,0.627,,pc,F,53,Y,N,Y,0
0.722,0.981,0.485,0.913,0.146,9.14,tablet,F,18,N,N,Y,0
,0.257,0.334,0.572,0.823,39.74,mobile,F,29,Y,N,Y,0
,0.654,0.792,0.181,0.235,32.99,tablet,M,54,N,Y,N,1
0.694,0.198,0.451,0.269,0.652,22.27,pc,F,37,Y,N,Y,0
0.543,0.565,0.183,0.199,0.405,48.99,mobile,F,59,N,N,N,0
0.252,0.464,0.855,0.247,0.596,30.87,tablet,M,29,N,N,N,1
0.346,,0.883,0.306,0.107,19.64,mobile,M,50,N,N,Y,0
0.182,,0.466,0.555,0.017,38.57,tablet,M,45,Y,N,N,1
0.908,0.35,0.076,0.588,0.91,33.98,pc,M,36,N,N,Y,0
0.583,0.114,0.388,0.426,0.27,33.95,pc,M,17,N,N,Y,0
0.401,0.151,0.804,0.615,0.82,25.74,mobile,F,41,Y,N,N,1
0.462,,0.902,0.082,0.999,34.5,mobile,F,10,N,N,Y,0
0.947,0.251,0.203,0.088,0.211,27.38,mobile,M,26,N,N,N,0
0.153,0.851,0.067,0.172,0.265,35.56,tablet,F,18,N,N,N,0
0.586,0.561,0.877,0.518,0.663,10.95,pc,F,29,N,N,N,0
0.506,,0.389,0.214,0.965,25.66,mobile,F,54,Y,N,N,0
0.611,0.115,0.542,0.283,0.916,47.22,mobile,F,41,N,N,N,0
0.018,0.86,0.968,0.4,0.503,22.33,mobile,M,11,N,N,Y,1
0.872,0.723,0.067,0.812,0.795,23.96,tablet,F,41,Y,N,Y,1
0.932,0.068,0.648,0.014,0.136,25.52,mobile,F,54,N,N,N,0
0.565,0.708,0.074,0.649,0.977,17.85,mobile,F,18,N,Y,Y,0
,0.544,0.375,0.669,0.964,7.92,tablet,M,39,N,Y,Y,0
0.922,0.082,0.804,0.799,0.164,27.69,tablet,F,29,N,N,Y,0
0.707,0.458,0.433,0.933,0.299,31.36,mobile,M,47,Y,N,N,0
0.153,0.485,0.997,0.02,0.1,29.47,mobile,M,10,Y,N,Y,0
0.576,0.166,0.559,0.154,0.272,28.55,tablet,M,14,N,Y,N,0
0.607,0.946,0.321,0.886,0.816,30.43,pc,M,44,Y,N,Y,0
,0.85,0.22,0.459,0.378,40.23,tablet,F,45,N,N,Y,0
0.736,0.669,0.351,0.565,0.088,28.1,pc,M,10,Y,N,Y,1
,0.462,0.373,0.663,0.342,,mobile,M,23,N,N,Y,1
0.926,0.412,0.069,0.679,0.981,27.19,mobile,M,18,N,Y,N,0
0.451,0.651,0.37,0.932,0.63,35.79,pc,M,39,N,N,Y,1
0.113,0.545,0.464,0.997,0.416,44.12,tablet,M,33,Y,N,Y,0
0.985,0.062,0.723,0.72,0.167,23.72,mobile,F,13,Y,Y,N,1
0.839,0.513,0.657,0.287,0.986,30.99,pc,M,59,Y,Y,Y,0
0.125,0.806,0.709,0.88,0.821,33.38,tablet,F,23,Y,Y,Y,1
0.921,0.459,0.008,0.049,0.281,20.07,pc,F,34,N,N,Y,0
0.87,0.052,0.218,0.231,0.07,30.2,tablet,M,13,N,N,N,0
0.519,0.786,0.662,0.897,0.057,15.34,tablet,F,34,N,N,N,0
0.591,0.201,0.484,0.256,0.12,,tablet,F,19,N,Y,Y,0
0.399,0.259,0.005,0.221,0.581,33.67,tablet,F,44,N,N,Y,0
0.055,0.165,0.804,0.138,0.929,26.16,pc,M,16,N,N,Y,0
0.335,0.33,0.773,0.859,0.497,32.02,pc,M,51,N,N,Y,1
0.803,0.757,0.548,0.5,0.843,29.82,pc,M,22,N,Y,N,0
0.005,0.519,0.066,0.675,0.446,20.24,pc,M,13,N,Y,N,0
0.333,0.205,0.767,0.239,0.709,29.55,pc,M,59,N,N,Y,0
0.398,,0.584,0.758,0.732,17.67,tablet,M,52,Y,Y,N,1
0.537,0.88,0.782,0.76,0.174,43.91,mobile,M,45,Y,N,Y,1
0.92,0.871,0.752,0.313,0.361,16.44,mobile,F,23,N,N,Y,1
0.346,0.239,0.803,0.411,0.637,28.04,pc,F,27,Y,N,Y,0
0.347,0.451,0.518,0.21,0.071,19.58,pc,M,17,N,N,Y,0
,0.985,0.14,0.977,0.362,35.7,mobile,F,41,N,N,N,0
0.452,0.772,0.671,0.646,0.535,26.69,tablet,M,36,Y,N,Y,0
0.225,0.027,0.62,0.935,0.996,24.81,pc,M,51,Y,N,Y,0
0.452,0.065,0.742,0.303,0.475,38.53,tablet,M,46,N,N,N,0
0.141,0.464,0.17,0.782,0.816,30.29,mobile,F,32,N,N,N,0
0.176,0.909,0.195,0.766,0.432,35.17,mobile,M,16,Y,N,N,0
0.498,,0.89,0.692,0.796,20.19,pc,M,21,N,N,N,0
0.419,0.498,0.75,0.966,0.595,15.95,tablet,M,34,N,N,Y,1
0.915,0.105,0.908,0.394,0.887,31.07,pc,M,12,N,Y,N,0
0.362,0.657,0.759,0.131,0.411,26.81,mobile,F,35,Y,N,N,1
0.581,0.822,0.597,0.672,0.604,36.26,tablet,M,13,N,N,N,0
0.632,0.38,0.654,0.729,0.63,29.2,pc,F,51,Y,N,N,0
0.013,0.776,0.889,0.575,0.417,32.05,pc,F,45,N,Y,Y,0
0.664,0.964,0.579,0.207,0.144,13.77,pc,M,24,N,N,N,1
0.178,0.204,0.632,0.504,0.094,48.88,mobile,M,41,N,N,Y,0
0.961,0.523,0.156,0.312,0.017,28.36,pc,F,38,N,Y,Y,1
0.149,,0.474,0.427,0.874,36.98,tablet,F,19,N,N,Y,0
0.415,0.793,0.716,0.645,0.236,21.64,pc,F,30,N,N,N,0
0.085,0.578,0.271,0.745,0.212,33.08,mobile,F,25,Y,N,Y,1
0.997,0.635,0.202,0.232,0.736,16.97,pc,M,56,N,N,N,0
0.502,0.798,0.314,0.405,0.32,34.52,mobile,F,28,N,Y,Y,1
0.595,0.396,0.242,0.269,0.506,26.44,mobile,F,38,Y,N,N,0
0.067,0.915,0.215,0.199,0.163,,tablet,F,27,N,N,Y,0
0.75,,0.425,0.783,0.96,36.98,tablet,F,53,Y,N,N,1
0.21,0.158,0.908,0.909,0.852,17.67,pc,M,25,Y,N,N,1
0.898,0.696,0.507,0.37,0.864,23.16,mobile,M,10,Y,N,Y,0
0.205,0.793,0.188,0.751,0.407,34.57,mobile,M,57,N,N,Y,1
0.191,0.317,0.077,0.897,0.762,50.98,tablet,F,11,N,N,N,0
0.037,0.857,0.696,0.846,0.144,,tablet,F,24,N,N,N,1
0.472,0.906,0.383,0.183,0.009,35.91,pc,M,48,N,N,N,0
0.565,0.277,0.822,0.956,0.02,28.93,mobile,M,37,N,N,Y,0
0.066,0.984,0.66,0.377,0.587,49.42,tablet,F,10,N,N,N,0
0.776,0.141,0.796,0.339,0.455,12.53,pc,M,14,Y,N,Y,0
0.453,0.202,0.272,0.062,0.518,30.95,mobile,F,51,N,Y,N,0
0.524,0.184,0.692,0.486,0.007,13.74,mobile,F,31,Y,N,N,0
0.441,0.894,0.264,0.109,0.423,4.93,tablet,F,45,N,N,Y,0
0.401,0.654,0.939,0.249,0.718,32.97,pc,F,55,Y,N,N,1
0.56,0.152,0.636,0.317,0.443,31.39,tablet,F,22,N,N,N,0
0.155,0.44,0.325,0.809,0.732,27.15,pc,F,10,Y,Y,N,0
0.182,0.615,0.27,0.875,0.233,28.94,mobile,M,25,Y,N,Y,0
0.862,0.083,0.191,0.302,0.813,60.98,pc,M,50,N,Y,Y,1
0.946,0.882,0.695,0.859,0.588,27.42,pc,M,31,N,Y,N,0
0.373,0.804,0.219,0.857,0.211,35.1,pc,F,41,N,N,Y,0
0.271,0.505,0.595,0.765,0.237,23.51,pc,M,25,N,N,Y,0
0.644,0.967,0.265,0.147,0.628,32.95,pc,F,24,N,N,N,0
0.409,0.418,0.662,0.69,0.83,27.62,tablet,F,55,N,N,Y,0
0.025,0.984,0.815,0.945,0.416,25.89,pc,F,51,N,N,N,0
0.156,0.668,0.778,0.683,0.258,,pc,F,21,N,N,Y,0
0.716,0.635,0.761,0.332,0.867,41.77,mobile,M,10,N,N,Y,0
0.659,0.166,0.188,0.501,0.669,31.37,pc,M,26,N,N,N,0
0.027,0.882,0.088,0.646,0.448,6.96,mobile,M,50,N,N,N,0
0.222,0.427,0.699,0.511,0.488,26.39,tablet,F,59,Y,N,N,0
0.231,0.162,0.368,0.12,0.204,57.03,tablet,M,37,Y,N,N,1
0.672,0.013,0.432,0.312,0.627,27.69,pc,M,16,N,N,N,1
0.02,0.56,0.031,0.802,0.359,41.03,tablet,M,18,N,Y,Y,0
0.104,0.527,0.26,0.861,0.996,44.42,pc,F,31,Y,N,Y,0
0.8,0.719,0.034,0.137,0.48,32.19,tablet,M,35,N,Y,Y,0
0.179,0.89,0.879,0.952,0.486,21.58,pc,F,21,N,Y,N,0
0.653,0.079,0.243,0.329,0.566,5.65,pc,M,16,Y,Y,Y,0
0.238,0.731,0.557,0.662,0.917,36.84,mobile,F,55,N,N,Y,0
0.099,0.187,0.039,0.752,0.801,21.85,mobile,M,56,N,N,Y,1
0.243,0.858,0.667,0.812,0.451,31.76,mobile,M,24,N,N,Y,1
0.722,0.819,0.323,0.946,0.719,17.5,mobile,M,47,N,N,Y,0
0.856,0.541,0.898,0.313,0.586,27.35,pc,F,30,N,Y,N,0
0.83,0.71,0.888,0.859,0.492,30.34,tablet,M,23,N,N,Y,1
0.397,0.314,0.325,0.132,0.192,32.69,pc,M,11,N,N,N,1
0.668,0.471,0.901,0.705,0.464,18.85,mobile,F,17,N,N,N,1
0.205,0.822,0.996,0.742,0.246,41.97,mobile,F,54,N,N,Y,0
0.293,0.459,0.825,0.678,0.915,24.03,tablet,F,15,N,Y,N,0
0.896,0.358,0.845,0.252,0.335,13.26,mobile,F,46,N,N,Y,0
0.013,0.494,0.249,0.873,0.952,28.91,pc,M,46,Y,N,N,0
0.086,0.828,0.577,0.169,0.533,30.34,pc,M,42,Y,N,N,0
0.208,0.335,0.067,0.054,0.632,31.61,pc,F,50,Y,N,N,0
0.027,0.174,0.095,0.717,0.543,43.62,pc,M,15,Y,N,N,1
,0.712,0.999,0.475,0.129,27.64,pc,F,35,N,N,Y,1
,0.826,0.327,0.849,0.376,28.8,tablet,M,48,N,N,Y,0
0.421,0.101,0.748,0.383,0.099,18.97,pc,F,50,N,Y,N,1
0.893,0.24,0.807,0.168,0.623,38.21,mobile,M,46,N,Y,Y,0
0.817,0.142,0.858,0.836,0.447,31.84,mobile,F,23,N,N,Y,1
0.342,0.348,0.998,0.549,0.778,25.8,mobile,F,46,N,N,Y,0
0.259,0.45,0.241,0.189,0.22,10.95,mobile,M,17,N,Y,N,0
0.38,0.749,0.04,0.72,0.165,44.44,tablet,M,48,N,Y,Y,0
0.59,0.651,0.411,0.511,0.406,17.72,mobile,M,22,N,Y,N,0
0.268,0.621,0.13,0.604,0.927,24.09,tablet,F,22,N,Y,Y,0
0.624,0.352,0.022,0.461,0.71,33.58,mobile,M,49,Y,N,Y,0
0.409,0.841,0.36,0.829,0.419,18.03,tablet,F,52,N,N,N,1
0.552,0.471,0.784,0.83,0.517,15.06,tablet,M,37,N,N,Y,0
,0.979,0.566,0.709,0.084,8.76,tablet,M,27,Y,N,N,0
0.294,0.634,0.313,0.105,0.985,37.21,mobile,F,28,N,N,Y,0
0.948,0.126,0.654,0.839,0.666,24.55,tablet,F,47,N,N,Y,0
0.764,0.676,0.232,0.671,0.285,59.27,pc,M,41,Y,N,Y,0
0.14,0.325,0.014,0.697,0.586,20.06,pc,F,31,N,N,N,1
0.868,0.686,0.764,0.363,0.109,20.79,mobile,F,11,N,N,N,0
0.487,0.07,0.624,0.879,0.966,24.35,pc,M,22,N,N,N,0
0.895,0.175,0.762,0.725,0.175,32.43,pc,F,32,N,N,Y,1
0.8,0.856,0.039,0.113,0.648,25.3,pc,M,34,N,N,N,0
0.425,0.227,0.837,0.408,0.245,36.12,mobile,M,37,N,N,Y,0
0.022,,0.62,0.886,0.718,20.21,mobile,F,20,N,N,N,1
0.269,0.279,0.563,0.047,0.777,16.18,pc,M,42,N,N,N,0
0.542,0.643,0.625,0.961,0.673,12.02,mobile,F,33,Y,Y,N,0
0.633,0.694,0.864,0.679,0.614,7.76,tablet,M,11,N,N,Y,1
0.258,0.513,0.587,0.631,0.892,24.82,pc,F,39,N,N,N,0
0.139,0.305,0.581,0.271,0.079,26.99,mobile,F,26,N,Y,Y,0
0.835,0.213,0.991,0.249,0.331,23.69,mobile,F,49,N,N,N,1
0.984,,0.757,0.942,0.248,42.43,pc,F,43,N,N,Y,0
0.526,0.304,0.442,0.298,0.988,42.28,mobile,F,47,N,Y,Y,0
,0.653,0.707,0.776,0.389,26.65,pc,M,31,N,N,Y,1
0.272,0.938,0.389,0.393,0.733,,mobile,M,14,Y,Y,Y,1
0.018,0.871,0.229,0.139,0.685,24.33,tablet,F,57,N,N,Y,0
,0.766,0.597,0.011,0.212,24.0,pc,M,49,N,N,N,0
0.118,0.788,0.928,0.544,0.239,23.43,tablet,F,25,N,N,N,1
0.577,0.665,0.929,0.976,0.281,23.02,pc,F,22,N,N,N,1
0.274,0.26,0.342,0.369,0.411,23.47,mobile,M,35,Y,N,N,0
0.554,0.907,0.528,0.357,0.234,26.13,tablet,M,40,N,N,Y,0
0.651,0.671,0.212,0.344,0.02,23.64,mobile,F,48,N,N,N,0
0.83,0.56,0.996,0.521,0.879,32.08,pc,F,57,Y,N,Y,1
0.206,0.111,0.981,0.441,0.966,33.6,pc,F,32,Y,N,N,1
0.011,0.447,0.65,0.88,0.342,20.89,pc,F,57,Y,N,Y,1
0.137,0.46,0.804,0.506,0.339,42.71,pc,F,21,N,N,Y,1
0.9,0.865,0.715,0.508,0.007,20.2,pc,F,23,N,N,Y,0
0.874,0.547,0.593,0.138,0.68,13.82,tablet,M,27,N,N,Y,0
0.597,0.38,0.053,0.983,0.825,33.81,pc,F,36,N,N,Y,1
0.601,0.977,0.455,0.25,0.147,21.83,mobile,F,37,N,N,Y,1
0.665,0.111,0.675,0.073,0.16,33.21,tablet,M,27,Y,N,N,0
0.175,0.423,0.678,0.663,0.79,5.96,mobile,F,25,N,Y,N,0
0.914,0.042,0.373,0.595,0.616,43.92,pc,F,25,N,Y,Y,1
0.419,0.74,0.942,0.415,0.045,36.72,mobile,M,22,N,N,Y,0
0.383,0.918,0.167,0.422,0.623,15.0,tablet,F,38,N,N,N,0
0.519,0.28,0.5,0.785,0.309,15.21,tablet,M,18,N,N,Y,0
0.047,0.858,0.691,0.196,0.369,46.72,tablet,F,35,N,N,N,0
0.166,0.292,0.697,0.82,0.77,22.63,mobile,M,37,N,N,Y,0
0.738,0.911,0.649,0.649,0.811,21.66,tablet,M,50,N,N,N,1
0.083,0.754,0.275,0.419,0.4,7.34,mobile,M,22,Y,N,N,0
0.603,0.805,0.156,0.458,0.947,26.49,pc,F,45,N,N,N,0
0.245,0.018,0.636,0.257,0.406,27.72,pc,F,18,N,Y,N,0
0.389,0.963,0.599,0.752,0.772,37.15,mobile,M,56,Y,N,Y,1
0.289,0.727,0.179,0.513,0.484,16.01,tablet,M,23,Y,N,Y,1
0.356,0.305,0.705,0.321,0.898,14.8,mobile,F,21,Y,N,N,1
0.719,0.829,0.455,0.596,0.908,34.51,mobile,F,41,N,N,N,1
0.297,0.282,0.668,0.996,0.087,40.07,mobile,F,47,N,N,Y,0
0.566,0.873,0.837,0.435,0.936,14.29,pc,F,12,N,N,N,0
0.476,0.113,0.17,0.921,0.826,40.82,mobile,F,25,N,N,Y,0
0.664,0.704,0.019,0.345,0.791,30.38,pc,M,29,N,N,Y,0
0.937,0.541,0.779,0.055,0.201,40.92,mobile,F,41,N,N,N,1
0.733,0.097,0.61,0.204,0.805,29.3,pc,M,32,Y,Y,Y,0
,0.242,0.7,0.419,0.85,4.78,mobile,F,26,N,N,N,1
0.031,0.012,0.838,0.22,0.289,,mobile,M,25,N,N,Y,0
0.262,0.469,0.803,0.0,0.952,40.6,tablet,M,47,Y,N,Y,0
0.595,0.301,0.961,0.915,0.05,21.06,tablet,F,17,N,N,N,0
0.051,0.598,0.536,0.844,0.15,26.12,mobile,M,28,N,N,N,0
0.496,0.297,0.488,0.742,0.538,28.24,mobile,M,39,Y,N,Y,0
0.597,0.3,0.402,0.168,0.576,1.0,mobile,M,43,Y,N,Y,0
0.334,0.743,0.154,0.12,0.645,46.71,mobile,M,23,Y,N,Y,0
0.771,0.048,0.573,0.068,0.017,20.99,tablet,F,31,N,Y,Y,0
0.107,0.903,0.277,0.724,0.96,35.06,pc,M,53,N,Y,N,0
0.075,0.852,0.921,0.929,0.045,29.13,mobile,F,26,N,N,N,0
0.728,0.668,0.583,0.431,0.143,42.58,tablet,M,24,Y,N,Y,0
0.495,0.593,0.593,0.119,0.014,34.06,mobile,F,59,N,N,Y,0
0.688,0.892,0.355,0.512,0.567,27.65,mobile,F,57,N,Y,N,0
0.435,0.185,0.052,0.349,0.932,21.06,pc,F,41,Y,N,N,0
0.246,0.079,0.032,0.375,0.666,37.98,mobile,M,22,N,N,N,0
0.819,0.24,0.423,0.621,0.823,,mobile,F,30,N,N,N,0
0.799,,0.085,0.719,0.013,36.46,pc,F,58,N,N,Y,0
0.695,0.035,0.607,0.111,0.542,19.01,pc,M,49,Y,Y,Y,0
0.272,0.583,0.881,0.036,0.46,42.52,pc,F,42,Y,N,N,0
0.59,0.995,0.883,0.994,0.499,31.61,pc,M,36,N,Y,N,1
0.361,0.856,0.659,0.233,0.072,36.44,tablet,M,44,N,N,Y,0
0.092,0.521,0.211,0.054,0.684,30.82,tablet,F,25,N,N,Y,0
0.917,0.064,0.863,0.19,0.503,12.48,tablet,M,37,N,N,Y,1
0.137,0.831,0.886,0.039,0.765,21.39,mobile,M,43,N,N,N,0
0.95,0.599,0.197,0.392,0.485,36.72,pc,M,56,N,N,Y,1
0.446,0.115,0.737,0.802,0.149,31.67,pc,F,10,N,Y,Y,0
0.185,0.094,0.287,0.341,0.648,41.81,tablet,M,50,N,Y,N,0
0.542,0.91,0.803,0.444,0.172,34.03,mobile,M,57,N,N,Y,1
0.873,0.669,0.997,0.676,0.872,20.33,mobile,M,40,N,N,Y,0
0.732,0.829,0.03,0.509,0.613,22.04,mobile,F,45,N,Y,Y,0
0.807,0.879,0.897,0.861,0.157,31.03,tablet,M,53,N,N,Y,0
0.659,0.572,0.623,0.866,0.962,,mobile,F,42,N,N,Y,0
0.692,0.517,0.973,0.01,0.518,46.73,mobile,M,42,Y,N,N,0
0.849,0.43,0.465,0.778,0.073,34.42,mobile,F,48,N,N,N,0
0.25,0.317,0.847,0.461,0.627,42.27,pc,F,27,N,N,Y,1
0.489,0.435,0.062,0.989,0.253,14.19,tablet,F,32,N,N,Y,1
0.221,0.774,0.335,0.483,0.804,42.45,pc,M,32,N,Y,N,0
0.988,0.602,0.067,0.987,0.818,52.31,pc,M,24,N,N,Y,1
0.944,0.893,0.975,0.755,0.979,16.79,tablet,M,35,N,Y,Y,0
0.039,0.443,0.817,0.249,0.502,37.71,pc,F,39,N,Y,N,0
0.706,0.607,0.853,0.538,0.455,30.01,mobile,M,34,Y,N,Y,1
0.925,0.631,0.938,0.992,0.753,14.56,mobile,M,54,N,N,Y,1
0.181,0.592,0.085,0.858,0.132,34.93,mobile,F,25,N,N,Y,1
0.568,0.703,0.386,0.097,0.547,38.34,mobile,M,48,N,N,Y,0
,0.237,0.071,0.706,0.546,23.99,tablet,M,57,N,N,Y,0
0.034,0.512,0.211,0.346,0.089,41.66,pc,F,54,Y,N,Y,1
0.697,0.104,0.229,0.007,0.418,13.33,pc,F,23,N,N,Y,0
0.297,0.385,0.469,0.403,0.853,15.05,mobile,M,26,N,N,N,0
0.924,0.488,0.269,0.235,0.856,31.37,mobile,F,21,Y,Y,Y,0
0.971,0.652,0.101,0.819,0.099,30.25,pc,M,38,N,N,Y,1
0.944,0.951,0.167,0.337,0.091,22.83,tablet,M,41,N,N,N,0
0.474,0.601,0.147,0.828,0.263,38.1,pc,M,33,Y,N,N,0
0.862,,0.973,0.001,0.875,35.31,mobile,M,22,Y,N,Y,0
0.845,0.506,0.759,0.308,0.129,38.58,mobile,M,29,N,Y,Y,0
0.319,0.634,0.968,0.241,0.72,28.77,tablet,F,24,N,N,Y,1
0.829,0.071,0.44,0.234,0.101,36.03,pc,F,13,N,Y,N,0
0.037,0.254,0.278,0.068,0.623,25.54,tablet,M,43,N,N,Y,0
0.596,0.362,0.798,0.187,0.356,50.54,tablet,F,37,N,N,Y,0
0.23,0.472,0.326,0.556,0.789,21.87,mobile,F,59,N,N,Y,0
0.121,0.046,0.299,0.291,0.234,,pc,M,11,N,N,Y,0
0.077,0.14,0.233,0.417,0.639,30.35,mobile,F,56,N,Y,Y,0
0.696,0.277,0.13,0.377,0.236,16.24,pc,F,39,Y,N,Y,0
0.34,0.972,0.256,0.876,0.714,43.68,mobile,M,35,N,N,N,0
0.725,,0.355,0.905,0.874,31.26,mobile,M,56,N,N,N,1
0.065,0.482,0.674,0.493,0.127,38.51,pc,M,35,Y,N,Y,1
0.315,0.196,0.063,0.33,0.867,42.24,pc,M,29,N,N,Y,0
0.539,0.611,0.211,0.107,0.594,33.38,mobile,M,51,N,Y,Y,0
0.791,0.281,0.809,0.953,0.127,24.08,pc,M,37,N,N,Y,1
0.319,0.207,0.147,0.06,0.428,39.76,mobile,M,29,N,N,N,0
0.626,0.517,0.343,0.298,0.161,30.01,pc,F,20,N,N,N,0
0.886,0.006,0.865,0.298,0.7,36.86,mobile,M,19,N,N,Y,1
0.616,0.008,0.155,0.32,0.759,8.46,mobile,F,32,Y,N,Y,0
0.233,0.219,0.083,0.164,0.106,34.47,mobile,F,46,N,N,Y,0
0.024,0.037,0.485,0.783,0.506,23.61,tablet,M,50,N,N,N,0
0.87,0.108,0.302,0.122,0.815,46.53,pc,F,28,N,N,N,0
0.021,0.339,0.563,0.635,0.936,36.23,mobile,F,54,Y,N,N,1
,0.803,0.804,0.124,0.514,32.4,tablet,F,27,N,N,N,0
0.529,0.572,0.137,0.071,0.95,34.86,mobile,M,58,N,N,Y,0
0.939,0.513,0.581,0.909,0.536,20.02,tablet,F,36,N,N,N,1
0.799,0.293,0.506,0.19,0.394,46.23,mobile,F,15,N,N,N,1
0.998,0.932,0.144,0.821,0.848,49.91,mobile,M,19,N,N,N,0
0.351,0.397,0.624,0.545,0.493,33.93,tablet,F,11,N,N,Y,0
0.767,0.087,0.274,0.078,0.472,45.9,tablet,F,33,Y,N,N,0
0.402,0.617,0.488,0.955,0.49,24.31,pc,F,47,N,N,N,1
0.48,0.114,0.082,0.247,0.847,22.03,pc,F,37,Y,N,N,0
0.628,0.345,0.46,0.86,0.832,,tablet,F,37,N,N,N,0
0.874,0.507,0.306,0.169,0.404,34.35,pc,M,54,N,N,N,0
0.984,0.874,0.822,0.854,0.333,26.06,tablet,F,59,N,Y,N,0
0.768,0.494,0.057,0.013,0.492,35.38,pc,M,48,N,N,N,0
0.418,0.702,0.419,0.512,0.573,33.06,mobile,F,11,N,N,N,0
0.421,0.993,0.458,0.769,0.238,,pc,M,55,Y,N,Y,0
0.738,0.131,0.725,0.935,0.794,35.19,mobile,M,14,N,N,Y,0
0.239,,0.574,0.909,0.486,38.64,mobile,M,59,N,N,Y,0
0.11,0.395,0.667,0.82,0.334,31.71,pc,F,20,N,N,N,0
0.355,0.422,0.777,0.888,0.107,41.53,tablet,F,19,N,N,N,1
0.287,0.411,0.862,0.199,0.239,17.83,mobile,F,52,N,Y,N,1
0.296,0.908,0.314,0.284,0.949,34.68,mobile,F,11,N,Y,Y,0
0.234,0.714,0.538,0.289,0.305,18.3,pc,F,24,Y,N,Y,0
0.042,0.608,0.84,0.377,0.169,18.86,tablet,M,48,N,N,Y,0
0.018,0.309,0.989,0.393,0.461,23.69,tablet,M,50,N,N,Y,0
0.988,0.824,0.89,0.545,0.307,20.58,pc,M,46,Y,N,N,0
0.428,0.955,0.371,0.16,0.035,24.52,tablet,F,16,N,N,Y,0
0.384,0.821,0.195,0.691,0.323,27.86,pc,F,29,N,N,N,1
0.68,0.002,0.489,0.168,0.544,38.37,pc,M,43,N,N,N,0
0.218,0.636,0.742,0.31,0.552,26.79,pc,F,44,N,Y,Y,0
0.95,0.051,0.493,0.503,0.357,14.14,mobile,F,43,N,Y,N,0
0.786,0.258,0.483,0.796,0.447,41.4,mobile,M,31,Y,Y,Y,1
0.089,0.06,0.838,0.739,0.966,21.63,mobile,M,40,Y,N,Y,0
0.418,0.604,0.361,0.646,0.377,29.41,pc,F,32,N,N,N,1
0.879,0.687,0.86,0.156,0.258,34.47,mobile,F,28,Y,N,N,0
,0.114,0.407,0.547,0.243,32.0,mobile,M,13,N,N,Y,1
0.467,0.384,0.328,0.087,0.458,40.94,mobile,F,33,N,N,Y,1
0.613,0.456,0.454,0.377,0.76,34.79,pc,M,29,N,Y,Y,1
0.167,0.369,0.762,0.414,0.206,21.39,pc,M,48,N,N,Y,0
0.991,0.121,0.126,0.04,0.709,51.79,pc,M,37,N,N,N,0
0.232,0.419,0.196,0.274,0.021,31.94,mobile,F,48,N,N,N,0
0.943,0.751,0.951,0.956,0.419,28.53,tablet,M,26,N,N,Y,1
0.65,0.071,0.175,0.954,0.776,39.64,mobile,M,28,N,N,N,0
0.608,0.08,0.568,0.352,0.339,32.49,mobile,F,57,N,N,Y,0
0.513,0.355,0.579,0.043,0.564,33.99,pc,M,44,Y,N,Y,0
0.231,0.942,0.49,0.179,0.205,54.92,pc,F,41,N,N,N,0
0.177,0.669,0.645,0.392,0.742,27.25,mobile,F,56,N,Y,N,0
0.22,0.679,0.23,0.948,0.052,26.82,mobile,F,55,N,N,N,0
0.186,0.362,0.553,0.141,0.853,31.17,tablet,M,56,N,N,N,0
0.78,0.594,0.372,0.764,0.198,40.72,tablet,M,55,N,N,N,0
0.35,0.01,0.662,0.109,0.874,14.93,pc,F,48,N,N,Y,1
0.058,0.636,0.141,0.981,0.353,10.34,tablet,F,44,Y,N,N,1
0.969,0.913,0.571,0.382,0.723,24.13,tablet,F,39,N,N,N,1
0.884,0.613,0.185,0.775,0.319,13.66,pc,M,26,Y,Y,Y,0
0.928,0.874,0.279,0.343,0.906,25.75,tablet,F,51,N,N,N,1
0.995,0.724,0.219,0.628,0.127,35.02,mobile,F,56,N,N,Y,0
0.174,0.121,0.183,0.192,0.179,21.09,tablet,F,38,Y,N,Y,0
0.396,0.902,0.826,0.146,0.493,15.73,pc,M,15,Y,N,N,0
0.758,0.066,0.286,0.938,0.082,30.69,mobile,F,26,N,N,Y,0
0.696,0.534,0.927,0.918,0.196,38.63,tablet,M,26,Y,Y,N,0
0.154,,0.97,0.887,0.944,13.05,mobile,M,23,Y,Y,Y,1
0.816,0.012,0.571,0.625,0.976,38.2,mobile,F,33,N,N,N,0
0.224,0.422,0.143,0.808,0.376,38.17,tablet,F,59,N,N,Y,0
0.224,0.295,0.375,0.069,0.923,39.54,tablet,F,46,N,N,Y,0
0.537,0.486,0.798,0.335,0.545,42.18,pc,M,49,N,N,Y,0
0.593,0.577,0.367,0.314,0.27,52.02,pc,M,48,Y,N,N,0
0.58,0.044,0.087,0.636,0.702,26.44,mobile,M,41,N,N,N,0
0.091,0.123,0.557,0.356,0.659,31.1,pc,F,45,N,Y,N,1
0.877,0.559,0.845,0.149,0.989,25.84,mobile,M,59,N,N,Y,0
0.266,0.343,0.796,0.596,0.265,30.02,mobile,F,46,N,N,Y,0
0.13,0.729,0.175,0.814,0.672,45.33,pc,F,57,N,Y,Y,1
0.889,0.652,0.673,0.382,0.052,16.55,pc,F,23,N,N,N,1
0.956,0.846,0.221,0.132,0.114,21.39,pc,M,36,Y,N,Y,1
0.862,0.692,0.218,0.197,0.004,43.77,tablet,M,28,Y,N,N,0
0.81,0.43,0.874,0.237,0.999,40.2,mobile,M,40,N,N,N,0
,0.673,0.25,0.3,0.802,26.37,mobile,F,55,Y,Y,Y,0
,0.275,0.263,0.643,0.787,,mobile,M,18,N,N,Y,1
0.087,0.306,0.001,0.601,0.51,33.41,pc,M,47,N,N,N,1
0.408,0.789,0.871,0.696,0.3,45.0,pc,F,26,Y,N,Y,0
0.373,0.446,0.793,0.363,0.151,30.75,pc,F,28,N,N,Y,0
0.26,0.798,0.627,0.824,0.285,40.26,pc,M,53,Y,N,Y,1
0.723,0.822,0.75,0.204,0.376,56.42,pc,F,13,N,N,N,0
0.496,0.858,0.152,0.469,0.756,35.98,tablet,M,57,N,Y,N,0
0.081,0.917,0.458,0.801,0.54,30.49,pc,F,20,N,N,Y,0
0.22,0.431,0.351,0.18,0.077,37.22,mobile,F,31,N,N,Y,0
0.683,0.319,0.094,0.11,0.018,26.35,pc,M,13,Y,N,Y,1
0.076,0.582,0.486,0.884,0.102,53.88,mobile,F,26,N,N,N,0
0.851,0.371,0.921,0.343,0.41,31.8,pc,F,17,N,N,Y,0
0.495,0.601,0.04,0.684,0.933,27.27,pc,F,55,N,N,Y,0
0.481,0.706,0.291,0.025,0.637,21.64,mobile,M,43,N,N,N,0
0.592,0.688,0.208,0.69,0.802,40.97,mobile,F,20,N,N,N,0
0.825,0.375,0.238,0.316,0.466,38.67,mobile,F,40,N,N,N,0
0.348,0.167,0.908,0.056,0.362,25.03,mobile,M,20,N,N,N,0
0.678,0.431,0.468,0.61,0.108,35.76,tablet,M,47,Y,N,Y,0
0.566,0.143,0.466,0.241,0.876,14.91,mobile,F,30,N,Y,Y,1
0.267,0.89,0.761,0.387,0.783,31.85,pc,F,55,N,N,Y,0
0.879,0.346,0.154,0.081,0.168,34.53,pc,F,39,N,N,Y,0
0.797,0.154,0.487,0.147,0.512,47.07,tablet,M,19,Y,N,N,1
0.658,0.025,0.43,0.298,0.487,22.29,mobile,F,35,N,Y,N,0
0.851,0.646,0.597,0.09,0.625,17.22,pc,M,36,Y,N,N,1
0.867,0.637,1.0,0.911,0.946,21.05,tablet,M,17,N,N,Y,0
0.708,0.341,0.769,0.006,0.58,16.63,pc,F,48,N,N,N,1
0.837,0.072,0.398,0.484,0.54,,tablet,F,17,N,Y,N,1
0.697,0.41,0.828,0.123,0.05,45.49,tablet,M,17,N,N,Y,0
0.68,0.311,0.171,0.308,0.063,33.2,mobile,F,43,Y,N,N,1
0.619,0.677,0.03,0.926,0.187,42.21,tablet,F,25,Y,N,Y,1
0.753,0.606,0.204,0.162,0.032,31.34,pc,M,50,N,N,Y,0
0.159,0.365,0.34,0.966,0.743,29.05,pc,F,22,Y,N,N,0
0.881,0.218,0.511,0.206,0.723,26.67,mobile,M,32,N,Y,N,0
0.872,,0.615,0.742,0.136,26.9,mobile,F,21,Y,Y,Y,1
0.029,0.454,0.911,0.547,0.836,14.52,tablet,M,36,N,N,Y,0
0.826,0.688,0.51,0.884,0.155,,mobile,M,31,N,N,N,0
0.129,0.141,0.501,0.554,0.301,29.6,pc,F,41,N,N,N,0
0.335,,0.05,0.535,0.249,37.45,pc,M,58,N,N,N,0
0.744,0.028,0.035,0.195,0.372,30.94,mobile,M,36,N,N,Y,0
0.161,0.505,0.551,0.166,0.255,28.37,mobile,F,11,N,N,Y,0
0.818,0.964,0.438,0.916,0.489,21.29,mobile,F,54,N,Y,Y,1
0.832,0.384,0.839,0.328,0.407,30.72,tablet,F,42,N,Y,Y,0
0.507,0.039,0.161,0.372,0.987,37.38,tablet,M,35,N,N,Y,0
0.006,0.031,0.025,0.76,0.056,18.57,pc,M,37,N,N,Y,0
0.287,0.388,0.449,0.339,0.142,30.87,tablet,M,28,N,N,N,0
0.617,0.16,0.237,0.952,0.053,32.33,tablet,F,52,Y,N,Y,0
,0.023,0.05,0.738,0.626,22.82,tablet,M,14,N,N,N,0
0.632,0.756,0.725,0.597,0.055,24.12,tablet,M,42,N,N,Y,0
0.26,0.459,0.112,0.881,0.836,32.31,pc,F,29,Y,N,Y,0
0.634,0.289,0.608,0.05,0.512,18.67,mobile,M,39,Y,N,Y,0
0.54,0.9,0.281,0.257,0.527,33.5,pc,F,54,N,N,Y,0
0.78,0.116,0.173,0.465,0.562,21.05,tablet,F,17,N,Y,Y,1
0.107,0.956,0.38,0.227,0.171,40.63,mobile,F,47,N,N,N,0
0.761,0.314,0.801,0.744,0.198,53.38,mobile,M,26,N,N,N,1
0.541,0.888,0.392,0.919,0.319,21.39,mobile,M,53,N,N,Y,1
0.963,0.603,0.751,0.424,0.593,35.34,pc,M,10,N,N,Y,0
0.342,0.827,0.125,0.342,0.21,22.73,mobile,F,12,Y,N,N,1
0.633,0.984,0.773,0.962,0.116,40.41,pc,F,55,N,N,N,0
0.932,0.288,0.237,0.445,0.97,17.35,pc,F,35,Y,N,Y,0
0.103,0.961,0.677,0.489,0.022,34.81,tablet,M,40,Y,Y,N,0
0.937,,0.566,0.352,0.803,21.27,tablet,M,17,Y,N,N,1
0.688,0.386,0.929,0.91,0.788,27.93,mobile,M,52,N,N,N,0
0.068,0.34,0.387,0.569,0.297,19.69,mobile,M,55,Y,N,N,1
0.301,0.541,0.066,0.762,0.136,38.22,tablet,M,17,Y,Y,N,0
0.708,0.154,0.019,0.812,0.146,21.63,pc,F,44,N,N,N,1
0.067,0.554,0.827,0.342,0.697,35.52,pc,M,48,Y,Y,Y,0
0.582,0.542,0.525,0.434,0.643,26.56,tablet,F,37,N,Y,N,0
0.346,0.762,0.775,0.848,0.783,28.86,pc,F,13,N,N,N,0
0.621,0.834,0.234,0.363,0.937,31.48,tablet,M,25,N,Y,N,0
0.046,0.44,0.345,0.794,0.692,22.38,tablet,F,22,Y,Y,N,0
0.872,0.302,0.03,0.941,0.156,,mobile,M,29,Y,N,Y,1
0.973,0.259,0.961,0.623,0.243,45.3,mobile,M,14,N,Y,Y,0
0.969,0.195,0.668,0.742,0.842,22.22,tablet,F,46,Y,N,Y,1
0.75,,0.933,0.805,0.209,41.72,mobile,M,29,N,Y,Y,0
0.13,0.342,0.265,0.845,0.073,44.98,tablet,M,33,Y,N,Y,1
0.758,,0.611,0.395,0.703,21.84,pc,F,45,N,N,N,0
0.025,0.966,0.678,0.051,0.403,15.45,pc,F,43,N,N,Y,0
0.022,0.558,0.318,0.402,0.92,33.02,pc,F,54,N,N,N,1
0.324,0.347,0.848,0.674,0.65,24.53,pc,F,57,N,Y,N,0
0.489,0.58,0.947,0.45,0.09,48.69,tablet,F,43,N,Y,Y,0
0.77,0.139,0.885,0.749,0.948,30.35,pc,F,28,N,N,Y,0
0.683,0.444,0.739,0.357,0.259,21.98,pc,M,26,N,N,N,0
0.446,0.626,0.277,0.635,0.337,18.53,pc,M,14,N,N,N,0
0.274,0.489,0.282,0.186,0.402,40.9,pc,M,34,Y,N,N,1
0.997,0.402,0.963,0.749,0.051,24.29,tablet,F,27,Y,Y,N,0
0.426,0.994,0.01,0.546,0.497,30.44,pc,M,59,N,N,N,0
0.451,0.88,0.716,0.204,0.123,39.56,mobile,F,17,Y,N,N,0
0.164,0.623,0.706,0.292,0.401,25.16,mobile,M,36,N,N,N,0
0.795,0.569,0.623,0.749,0.351,29.54,mobile,F,24,Y,N,N,0
0.694,,0.99,0.483,0.773,29.83,mobile,M,54,N,N,N,1
0.221,0.201,0.312,0.216,0.803,36.83,mobile,F,22,Y,Y,Y,1
0.082,0.395,0.34,0.967,0.153,35.91,mobile,F,25,N,N,N,0
0.68,0.039,0.079,0.715,0.367,27.8,tablet,F,31,Y,N,Y,1
0.655,0.476,0.443,0.957,0.373,30.64,mobile,F,29,Y,N,N,0
0.273,0.543,0.261,0.427,0.151,26.28,pc,M,22,Y,N,Y,1
0.951,0.228,0.343,0.475,0.798,15.22,mobile,M,29,N,N,Y,0
0.151,0.964,0.835,0.898,0.707,32.58,tablet,F,11,Y,N,Y,0
0.432,0.909,0.935,0.525,0.19,48.92,mobile,F,44,N,N,Y,0
0.944,0.722,0.186,0.707,0.367,,pc,F,56,Y,N,Y,0
0.42,0.533,0.373,0.252,0.106,22.27,pc,M,28,Y,N,N,0
0.639,0.87,0.929,0.447,0.628,21.29,tablet,F,54,N,N,Y,0
0.398,0.131,0.062,0.123,0.121,37.25,tablet,F,46,N,N,Y,0
0.274,0.791,0.092,0.206,0.986,34.48,tablet,M,15,N,N,Y,0
0.984,0.125,0.163,0.001,0.781,28.41,tablet,F,23,N,N,N,0
0.409,0.794,0.595,0.039,0.39,20.82,mobile,F,13,N,N,Y,0
0.894,0.276,0.15,0.977,0.579,30.92,mobile,M,31,N,N,Y,0
0.23,0.877,0.968,0.242,0.911,14.35,pc,F,48,N,Y,Y,0
0.213,0.944,0.447,0.663,0.554,31.43,tablet,F,45,N,N,N,0
0.031,0.149,0.502,0.839,0.174,38.72,tablet,M,43,N,Y,Y,1
0.652,0.463,0.247,0.551,0.379,17.49,mobile,F,36,N,N,Y,1
0.369,0.981,0.471,0.153,0.843,14.67,tablet,M,16,N,N,Y,0
0.864,0.483,0.662,0.728,0.644,45.79,pc,F,12,Y,Y,N,0
0.473,0.864,0.751,0.6,0.651,23.88,pc,F,56,Y,Y,Y,0
0.968,0.589,0.754,0.731,0.867,,tablet,F,42,N,N,N,1
0.186,0.375,0.578,0.77,0.894,28.46,pc,F,11,N,N,Y,0
0.869,0.286,0.904,0.975,0.92,28.38,pc,F,51,N,Y,Y,0
0.777,0.203,0.817,0.574,0.095,34.38,mobile,M,25,Y,N,Y,0
0.771,0.762,0.757,0.342,0.544,21.16,pc,F,34,N,N,Y,0
0.845,0.387,0.056,0.648,0.741,31.32,tablet,F,24,Y,Y,Y,0
0.761,0.511,0.007,0.068,0.757,26.19,tablet,M,33,N,N,Y,0
0.626,0.492,0.212,0.897,0.607,16.8,pc,M,24,Y,N,Y,0
0.131,0.577,0.664,0.119,0.167,33.37,tablet,F,40,N,N,N,0
0.033,0.866,0.411,0.328,0.797,27.37,mobile,M,23,N,N,N,0
0.921,0.981,0.402,0.816,0.72,,pc,F,23,Y,N,Y,0
0.617,0.408,0.885,0.597,0.086,17.9,pc,M,15,N,N,N,0
